Datetime,text,label
2022-03-01,ㅇㅈㅁ 블로그 보면서 가장 두려웠던 건 그거죠 우리 아빠도 저런 말투로 블로그했을 까봐,0
2022-03-01,탐라에서 전에 누가 이야기 하신건데 ㅋㅋㅋㅋㅋ 진짜진짜 너무 ㅇㅈㅁ 뽑기 싫은데 그거랑 별개로 ㅇㅅㅇ 뽑는 사람하고는 겸상하고싶지 않음 ㅋㅋㅋㅋㅋㅋㅋ,0
2022-03-01,뭐라고 ㅇㅈㅁ의 민주당이 내각제를 하려고 드릉드릉 한다고,0
2022-03-01,어떤 ㅇㅈㅁ같은 ㅅㄲ가 ㅇㅈㅁ같은 개소리를,0
2022-03-01,내 주위에도 샤이ㅇㅈㅁ은 반드시 있을거야 사회 생활 하다보면 가끔 깜짝 깜짝 놀라는 그런 사람들 있잖아 와 저 사람 그렇게 안 봤는데 완전 XXX네 뭐 이런 케이스,0
2022-03-01,진실하고 정직한 사람이 대접받고 성공하는 사회가 되길 바란다며 ㅇㅈㅁ 민주당을 지지하는 사람도 있네 제발 잠에서 깨어나세요,0
2022-03-01,ㅇㅈㅁ 비리와 거짓말을 보고도 어찌,0
2022-03-01,아니및ㄴ 왜 배우를 와 감독이 진짜 ㅇㅈㅁ 좋아하나보다,0
2022-03-01,ㅇㅈㅁ 따위를 옹호하는 전두엽 파괴된 삼보일배,0
2022-03-01,변영주 감독님이 ㅇㅈㅁ 지지를 선언했다 절박함이 느껴져서 마음이 미어질거 같다 여성이 설 자리가 정말 사라지게 될까봐 두렵다,1
2022-03-01,ㅇㅈㅁ 꼬롬한 건 딴 건 잘 모르겠고 데이트폭력한 친척남 빙의해서 개열심히 변호한 거 주변 최측근이었던 사람들 손절 후 묘한 원인으로 죽어나가던 거 여성 대상 공약 이행률에 관해 별로 믿음이 안 가는 거 정리하자면 요 정도,0
2022-03-01,망신살 낀 사람들 구경하는 거 재밌어서 보고 있었는데 ㅇㅈㅁ 블로그는 또 꿈에 나올까봐 무서워서 못 봄 생각보다 넘 어린애라 현타 옴,0
2022-03-01,문과 남성이 갱년기가 오면 정말 심각하구나 를 보여주는 예시 ㅇㅈㅁ 블로그,0
2022-03-01,오늘하루한거 콜리플라워치즈 만들기 양모펠트로 키링만들기 ㅇㅈㅁ 블로그 낭독회듣기 디엘2회차,0
2022-03-01,아 지금까지 봐온 ㅇㅈㅁ 지지자 중 유일하게 내 맘을 살짝 흔들리게 한 사람이 나왔네 변영ㅈ 감독님 아 음 어 음,0
2022-03-01,진짜 깜짝 놀랏네 ㅇㅈㅁ님 웹작들에게 무상 어시 부탁드립니다,1
2022-03-01,뭐야 ㅇㅈㅁ왤케 그림 잘그랴,0
2022-03-01,탐라인지 ㅇㅈㅁ 블로그인지 알 수 없음 좋아요,1
2022-03-01,ㅇㅈㅁ 블로그 짤들 진짜 독기 레전드다,1
2022-03-01,ㅇㅈㅁ의 기운이 남아있어 경기도가 늘 항상 확진자 수가 가장 높음,0
2022-03-01,추한 말년이네요 얼마나 더러운짓을 했기에 ㅇㅈㅁ위해 팬티내리고 달려드는지 한나라당이 빨갱이 타령하는거나 저것이 친일로 모는거나 좌우적폐새끼들의 데칼코마니네요 그동안 민주당 썩은건 못보고 저것들에게 세뇌되어 한나라당만 욕한 내가 내로남불했음을 자각하게 되네요,0
2022-03-01,ㅂㅇㅈ가 ㅇㅈㅁ 지지 선언을 하는 세상이 오다니,0
2022-03-01,ㅇㅈㅁ이 한 짓을 하나만 알고 있더라도 도저히 인간같지 않아 찍을수 없는데 몰라서 찍는다는 건지 알고도 찍는다는 건지 뭐가 됐던 손절,0
2022-03-01,나 진짜 ㅇㅈㅁ 개도 싫어하는 줄 알았는데 사진 놀랍다,0
2022-03-01,ㅅㅂ 친구가 ㅇㅈㅁ 목욕사진 보냄 마이아이즈,0
2022-03-01,아 너무 스트레스 ㅇㅈㅁ에 ㅇㅅㅇ이라니 난 아직도 믿을 수가 없어 믿기 싫다 진짜로 일주일 남았는뎈ㅋㅋㅋㅋㅋㅋㅋㅋㅋㅋ 아 ㅋㅋㅋㅋㅋ,1
2022-03-01,이 사진은 ㅇㅈㅁ이 올렸어도 만행이라고 억지 부리지는 않겠다,0
2022-03-01,올만에 한국있는 친구한테 카톡했더니 나보고 영화 아수라 봤냐면서 그게 ㅇㅈㅁ 이야기라면서 나에게 알려줌 친구야 나도 알아,1
2022-03-01,아 ㅁㅊ ㅇㅈㅁ 아저씨는 왜 싸이월드 갬성을 열심히 블로그에 퍼날랐던거지,0
2022-03-01,그 인간들이 해온 말들이 있는데 말임 물론 ㅇㅈㅁ도 마찬가지이지만 적어도 말의 힘 은 안단말임 또 이렇게 생각했을때 잠깐 경계를 위해 어르신들 사고방식을 장착하고 생각하면 말 존나 번드르르하게 하는 사람 치고 제대로 뭘 하진 못한다 해온 역사를 봐야한다 싶은데 말임,0
2022-03-01,ㅇㅅㅇ지지자 ㅇㅈㅁ 격렬반대자 로부터 듣는 소음이 공해수준이다 ㅇ ㅁㅂ ㅂㄱㅎ도 겪었으면서 왜 저럴까싶다 좀 지나친다는 걸 알아줬으면 좋겠는데 절연하고 싶네,0
2022-03-01,ㅇㅈㅁ 대통령되면 윽 퍼스트레이뒤 김푸선이 아니라 남자였어,0
2022-03-01,어으 진짜 넘 웃겨 ㅇㅈㅁ 블로그 tmi밭이야,1
2022-03-01,아 탐라에 혼못죽류 트윗 일케 올라오는건 첨인듯 ㅇㅈㅁ 블로그 그만보고싶어,0
2022-03-01,저도 국힘 운동원들에게 저는 민주당당원인데 꼭 ㅇㅈㅁ을 이겨주세요 라고 말했더니 화이팅 꼭 이기겠습 니다 라고 하며 어머 세상에 민주당당원래 그래 라며 놀라더라구요,0
2022-03-01,누가 오픈챗방에서 ㅇㅈㅁ 당선되면 달러 챙겨서 이민갈거다 그러길래 와 이민갈 여유도 있고 부럽네요 해줬다,1
2022-03-01,아 미친 잠들었는데 ㅇㅈㅁ 꿈꿨어,0
2022-03-01,ㅇㅈㅁ 한남문학 대가였네,0
2022-03-01,ㅇㅈㅁ 낙선을 위해 조롱적인 댓글을 점점 많이 적는 나 자신을 보며 정말 9일이 지나 모든 것이 다 끝났으면 한다 ㅇㅈㅁ 죄만 이야기 하고 거기에 더해 조롱은 말자 4범 이외에도 결격사유가 넘치는 후보인데,0
2022-03-01,누가자꾸 ㅇㅈㅁ인소해,0
2022-03-01,너 뭐 돼 ㅇㅈㄹ 저게 좋은의도에서 쳐올린거냐 ㅇㅈㅁ 관련글에 ㅂㅌ이 왜나와 인용으로 내려치기 새키들 안보이나봐,0
2022-03-01,ㅇㅈㅁ 블로그 왜케 웃겨,1
2022-03-01,ㅋ ㅋㅋㅋ 아미친 아까 ㅇㅈㅁ 블로그글보고 왓슈 이러다가 실트에 또있길래 먼가했더니 한두개가 아님,0
2022-03-01,ㅇㅈㅁ 블로그랑 첫트윗 발굴 진짜 개 웃기다 증말 대선전 유잼 콘텐츠 됏네,1
2022-03-01,ㅇㅈㅁ 인프피에여 ㅋㅋㅋㅋ 아놔 세상 인프피들 나 빼고 다이상한듯,0
2022-03-01,ㅇㄴ ㅇㅈㅁ도싫은데 ㅇㅅㅇ이더싫어,0
2022-03-01,보여주기의 달인 ㅁㅅ ㅇㅈㅁ,0
2022-03-01,ㅇㅈㅁ 파워블로거 되겟다,0
2022-03-01,ㅇㅈㅁ짤봇이 있다는게 신기해서 구경중인데 왤케 그림잘그림 뭐임,0
2022-03-01,시발 아까부터 ㅇㅈㅁ 네이버블로그 뭐지,0
2022-03-01,이건 정말 민주당도 잘못했네요 정말 당도 이젠 이상해진 상황이에요 ㅇㅈㅁ 지지하지는 않지만 선거운동 이렇게 할 거면 당비 받지도 말지,0
2022-03-01,귀한 휴일 밤에 ㅇㅈㅁ ㅂㄹㄱ 같은 거나 검색하고 있는 나 자신이 ㅅ ㄷ ㄹ ㅎ,0
2022-03-01,진짜 민주당 잘하지 그랬어 ㅇㅈㅁ 제 때 손절했으면 ㅇㅈㅁ도 더 죄 짓기 전에 죗값 받고 진정한 어른을 뽑을 수 있었는데,0
2022-03-01,아ㅁㅊ ㅇㅈㅁ 블로그 어디서 봤나 했더니 우리 아빠 일기장 재질이야,0
2022-03-01,ㅈㄹ 이샛기때문이라도 ㅇㅈㅁ찍음,0
2022-03-01,대선관련뉴스 들어올때마다 맨날 아알겠다고요ㅇㅈㅁ뽑는다고요제발그만하시라고요 이상태됨,0
2022-03-01,ㅅㅂㅅ 뉴스에서 음주운전 방지공약 ㅇㅈㅁ은 해봤으니 더 좋은공약을 내놓으려나,0
2022-03-01,ㅇㅈㅁ 블로그 그만 올려,0
2022-03-01,ㅇㅈㅁ 블로그 글 안보게해주새요,0
2022-03-01,후 난 그냥 ㅇㅈㅁ 찍을 듯,0
2022-03-01,난 박근혜 아웃될적에 그많은 새누리의원것들은 뭐하고 있었는지 당췌 이해불가 였는데 요즘 이해가 팍팍되더라 ㅇㅈㅁ의 민주당수준을 보니 보스수준에 착착 깔맞춤되고 있네요 노무현 문재인대통령님으로 인해 좋아한 민주당이라 마음이 아프군요,1
2022-03-01,진짜 까도까도 계속 나오네 엄마가 왜 ㅇㅈㅁ을 그렇게 싫어하는지 알겠음,0
2022-03-01,그리고 탐라에 넘쳐나는 ㅇㅈㅁ씨 싸이월드 강제 방문당한것 같다,0
2022-03-01,ㅇㅈㅁ 때문에 영원히 섞이지 않을것 같았던 두 세력이 어우러졌다 우리나라 태극기의 태극처럼 어우러져서 다시 한 걸음 나아가는 나라가 되었음,1
2022-03-01,나도 ㅇㅈㅁ 차단되어있네 체인블락임 전에 지금대통령도 차단대있길래풀었음,0
2022-03-01,ㅇㅈㅁ,1
2022-03-01,누가 자꾸 ㅇㅈㅁ 싸이감성글 탐라에 가져오는거야 ㅅㅂ 혼못죽 누구야ㅋ ㅋㅋ ㅋ ㅋ ㅋ ㅋㅋㅋ ㅋ ㅋ ㅋ ㅋㅋㅋㅋㅋㅋ,0
2022-03-01,무지개 송어 마비노기애긴줄 알았는뎅 ㅇㅈㅁ얘기였네,0
2022-03-01,진짜 미치겠네 ㅇㅈㅁ 블로그 글들,0
2022-03-01,ㅇㅈㅁ 블로그 털리는거 보니 진짜 유명해지지 말아야지,0
2022-03-01,아 진짜냐고 ㅇㅈㅁ 미치겠네,0
2022-03-01,와이담이 ㅇㅈㅁ 블로그 같은 거 운영함 좋겠다,1
2022-03-01,ㅇㅈㅁ 블로그 진짜인겅ㅁ,0
2022-03-01,ㅇㅈㅁ 블로그 하니깐 딩초때 마크 블로그에 마크 야생 생존기 썼던서 생각남,1
2022-03-01,나 간신히 쉬는 시간에 탐라 좀 들어왔다가 내가 뭘 잘못햇다고 ㅇㅈㅁ 블로그 트윗만 열개봄,0
2022-03-01,와이프는 뼈민이라 제가 ㅇㅈㅁ 까면 와이프 그래서 ㅇㅅㅇ 찍을거야 나 내가 ㅇㅈㅁ을 찍어도 ㅇㅅㅇ 찍을 사람이 아직은 더 많음 와이프 아 그건 인정 나 그리고 울나라는 비밀투표 와이프,0
2022-03-01,ㄹ 타국의 전쟁을 득표를 위해 쓰다니 역겹다 ㅇㅅㅇ 도 ㅇㅈㅁ 도,0
2022-03-01,요즘 웃을 일이 통 없고 약속 다 취소하고 암울하고 혼자 좀 추스리고 있었는데 ㅇㅈㅁ 블로그가 웃음을 되찾아줌 고마워요 여러분,1
2022-03-01,님이 리트윗한 ㅇㅈㅁ블로그요,1
2022-03-01,근데 ㅇㅈㅁ 이미 깡패설 잇는데다 불륜어쩌구잇어서 블로그 감성글귀가 오히려 이미지세탁같음,0
2022-03-01,물론 다 개소리고요 ㅇㅈㅁ 안뽑음 ㅅㄱ,0
2022-03-01,ㅇㅈㅁ 블로그 이재명 블로그 관심도 없고 괜히 짱남 아줌마 블로그 관심존나 생김 보러가고싶음,0
2022-03-01,ㅇㅈㅁ 블로그 라고 하지 말아주세요 아줌마로 읽혀서 관심생기니까,0
2022-03-01,ㅇㅈㅁ 블로그 뭔뎈ㅋㅋㅋㅋㅋㅋ 저 트윗은 또 뭐곸ㅋㅋㅋㅋㅋㅋ,1
2022-03-01,아 맞다 다시 떠오르는 미성년 웹툰 작가에게 로펌 변호사 드글드글 고용해 저작권 갈취하려다 패소한 레진님이 떠오르는 그 이글루스 블로그는 웃을 수 없고 끔찍한 수준인데 ㅇㅈㅁ 블로그는 약간 유치한 감성 글귀 퍼 온 정도라 다행임,0
2022-03-01,ㅇㅈㅁ마냥 어느날 흑역사 발굴쇼 일어나면 정말 와 와,0
2022-03-01,ㅇㅈㅁ mbti가 infp라는 ㅈㄴ 티엠아를 들었어,1
2022-03-01,ㅋㅋㅋ큐 탐라에 들어오는 ㅇㅈㅁ 안하는걸로 의리를 지키고 있습니다,0
2022-03-01,ㅇㅈㅁ 블로그 뭐임 도대체 ㅍ,0
2022-03-01,어제 누구를 선택할것인가 뜨기래 볼려다 말았음 댓글에 전부 ㅇㅈㅁ 이라 구독도 취소했음,0
2022-03-01,아미친 ㅇㅈㅁ블로그 실트 구경하다가 욕조에 다리걸치고 얼짱각도만든 ㅇ재ㅁ이랑 눈마주침 트친들과의 의리를 생각해 는 참겟읍니다,0
2022-03-01,내가 그래도 ㅇㅈㅁ 반신욕은 안함,0
2022-03-01,ㅇㅈㅁ 좋아하진 않아 근데 돌대가리 싸없새 준스톤은 싫어,0
2022-03-01,ㅇㅈㅁ 블로그 아무래도 이미 누가 관리해놧던걸 산거 아닌가 싶긴 한데 너무 웃기네 아니 사실 웃긴데 웃음이 나오질 않음 대선 d 8,0
2022-03-01,ㅇㅈㅁ 뭐하는 사람인데ㅋㅋㅋㅋㅋㅋㅋㅋㅋㅋㅋㅋㅋㅋㅋㅋㅋㅋㅋㅋㅋㅋㅋㅋ 블로그 미쳤다,1
2022-03-01,ㄱㅇㄱ 지금 옆에서 ㅇㅈㅁ 선거유세노래들려서 더웃김,1
2022-03-01,트친들 왜 다 ㅇㅈㅁ 블로그에 빠진겨,0
2022-03-01,#자캐 이거 칠때마다 제일 위에 자캐는 ㅇㅈㅁ 찍나 ㅎㄱㅇ 찍나 이거 뜨는데 거슬려 죽겠네 진짜 ㄱ,0
2022-03-01,씨발 실트 ㅇㅈㅁ 블로그 글 개웃겨서 그남의 동년배인 부친에게 읊어줫다가 지금 30분째 ㅇㅈㅁ찬양듣고잇음 죽고싶음 나 지금 ㅇㅈㅁ마스터됨 그남의 삶 전반을 알게됨,1
2022-03-01,내가 ㅇㅈㅁ 호감이라거나 적극적으로 지지하는건 절대 아니고 ㅅㅂ나도 몇달전까진 조옩나게 욕을 하고있었는데 옆에서 ㅇㅅㅇ이 내 머리에 계속 총쏘고있음 시발럼,0
2022-03-01,아 미치겠다 ㅋㅋㅋ 너무 웃겨 ㅋㅋㅋ 그 당시 ㅇㅈㅁ이 지금 나보다 어린 나이인 것을 감안해도 저건 아 웃겨 ㅋㅋㅋㅋㅋ,1
2022-03-01,진짜죄송합니다 저 ㅇㅈㅁ블로그가진짜미친놈처럼웃겨요 #공감트훔,1
2022-03-01,ㅇㅈㅁ 블로그 보고 지금 내가 2009년 홈피 펌 글을 보는지 2022년 블로그 글을 보는지 헷갈리기시작함,0
2022-03-01,ㅇㅈㅁ 블로그 글 보고 머리 얼얼해짐 06년 쯤엔 나도 저런 글들 좋아라하면서 읽었던것 같은데 그런 글들이 사실 40대 아저씨의 작문이었을지도 모른다고 생각하니까 비명지르고싶어져,1
2022-03-01,맨날 ㅇㅈㅁ 재기하라고 욕해도 실트에서 ㅇㅈㅁ이 재밌다고 올려쳐주는거 보면 사람들 참 휩쓸리기도 잘 휩쓸리고 비위도 얼마나 좋은지 알수있음 ㅇㅇ 근데 사람 마음이란게 처음엔 걍 유머소비로 비웃었다가 점점 스며들어서 결국 저새기한테 표가 몰릴까봐 ㅇㅇ 이상진지층,0
2022-03-01,아악 ㅇㅈㅁ 블로그 털리는 거 내 흑역사 같이 보는 기분이라 걍 비명지르게됨,0
2022-03-01,이ㅈㅅ 그렇게 말하면 절대로 니가 망하는걸 보고싶어서 표가 ㅇㅈㅁ에게 모인다고 단결하라고 도와주는거야 뭐야,0
2022-03-01,ㅇㅈㅁ 블로그 좀 낭만적인 거 같아,0
2022-03-01,그나저나 ㅇㅈㅁ 입술 왜 저렇게 시꺼매 악마같아,0
2022-03-01,오히려 ㅇㅈㅁ측에서 감사합니다 해줘야하는거아니내고 ㅋㅋㅋㅋㅋ,0
2022-03-01,누가 탐라에 자꾸 ㅇㅈㅁ 블로그를,0
2022-03-01,아 tlqkf ㅇㅈㅁ 목욕탕짤 잘 피해왔는데 어떻게 이러실수가,0
2022-03-01,ㅇㅈㅁ ㅂㄹㄱ 진짜걍웃겨서미칳거같음 아니 이게웃기면않되는데 아 데가리가뒤틀려가,0
2022-03-01,ㅇㅈㅁ블로그 너무 웃기다,1
2022-03-01,백색소음으로 왜 ㅇㅈㅁ블로그를 읽는거넫,0
2022-03-01,내가 ㅇㅈㅁ이였으면 블로그 털리고 쪽팔려서 사퇴함,0
2022-03-01,감성불륜남ㅇㅈㅁ,1
2022-03-01,ㅋㅋㅋㅋㅋㅋㅋㅋ ㅇㅈㅁ 블로그 낭독회에 사람 700명 가까이 접속해있어,0
2022-03-01,ㅇㅈㅁ도 싫고 ㅇㅅㅇ도 싫고 그냥 다 짜증나 진짜 ㅋㅋㅋㅋㅋ 아 ㅈㄴ 답답하다 ㅋㅋㅋ,0
2022-03-01,근데 디미토리 방마다 분위기 조금씩 다르다고는 하지만 사이트 분위기 자체가 페미니즘 기조였는데 요즘 돌아가는거 신기함 청원 참여하고 애기어 지양하고 년 워딩 쓰지말자 할미 드립 하지말자 이런 분위기가 주류였는데 불꽃 비하 ㅇㅈㅁ같은 아들낳아라 이런 악플 달리고 요샌 이런 분위기인가,0
2022-03-01,ㅇㄴ ㅇㅈㅁ 블로그 낭독회 뭐야,0
2022-03-01,ㅇㅈㅁ 보고 팍식어서 짜증내다 드에러 재영이 배우보고 웃고 체리마호 영화화 보고 웃고 단짠단짠 쩌네,0
2022-03-01,황금같은 휴일 습헤이스로 ㅇㅈㅁ 블로그 낭독회 듣는 슮,1
2022-03-01,앙스타 취향이라면 많지만 ㅊㅋㄴㄱ ㄹㅇ랑 ㅅㄴ ㅇㅈㅁ랑 ㅅㅋㅁ ㄹㅊ ㄹㅇ 그리고 안경캐인 ㅇㅂㄹ 그리고 만년최애 ㅌㄹ,0
2022-03-01,ㅇㅅㅇ 하나로 홍ㅈㅍ가 ㅇㅈㅁ 지지선언하는 것을 보다니,0
2022-03-01,아 시발 트위터 보다가 ㅇㅈㅁ 누드봤어 ㅁㅊ,0
2022-03-01,아니 글쓴이 이름 ㅇㅈㅁ인거보고 개놀랫음 ㅋㅋㅋㅋㅋㅋㅋㅋㅋㅋㅋㅋㅋㅋㅋ,0
2022-03-01,스페이스 왈 아니 우리가 ㅇㅈㅁ찍으라고했습니까 여기 찍을 사람 별로 없어보이는데 이럼 ㅋㅋㅋㅋㅋ아놔넘웃김,0
2022-03-01,아니 ㅇㅈㅁ이랑 비교되자나 왜 애완동물 얘기 밖에 없어 나 진짜 충격이였는데,0
2022-03-01,저 ㅇㅈㅁ 보구 무섭다구 하고 머냐 아수라 생각난다고하는 이유 링크 있으신분 아니면 설명해주실 수 있으신 분,0
2022-03-01,ㅇㅈㅁ 10년전에 중2병이었나봐,0
2022-03-01,ㅇㅈㅁ 블로그 낭독회 개웃기내,1
2022-03-01,ㅇㅈㅁ40대 시절 싸이감성 충만한 블로그가 발굴 되었나봐요 거기서 누가 아들하고 욕조 목욕하는 사진을 굳이 퍼서 이제 다 알지만 친절하신 분 되셨어요 ㅋㅋㅌ,0
2022-03-01,내 트친들 다들 너무 친절해 아무도 ㅇㅈㅁ 목욕씬 리트윗 안해써,0
2022-03-01,ㅇㅈㅁ ㅇㅅㅇ 둘다 ㅂㅅ 도찐개찐이다 둘이 사랑의 도피 제발좀 해줘,0
2022-03-01,ㅇㅈㅁ 블로그 낭독회 들어갔는데 듣다가 오글거려서 못참고 뛰쳐나왓섴ㅋㅋㅋㅋㅋㅋㅋㅋㅋ,0
2022-03-01,ㅇㅈㅁ은 알고있을까 지금 일어나는 참극을,1
2022-03-01,아점먹고 흐늘흐늘 늘어져 자다 튓터 들오닉간 ㅇㅈㅁ찡 블로그 침 착,1
2022-03-01,ㅇㅈㅁ 이 되면 그냥 담배하나 쓱 빨고 모르겠다 할 것 같거든 근데 ㅇㅅㅇ 되면 네입버 검색어 코시국에 이민가기 코시국에 유학가기 선거 무효 만들기 없애버리기,0
2022-03-01,ㅇㅈㅁ 싸불할개,0
2022-03-01,ㅇㅈㅁ 블로그 너무 충격적이라 무슨 인소야,0
2022-03-01,그러고보면 나 작년인가 사람 갈아넣는 정부 방역에 빡쳐서 도지사를 대통령으로 만들어야한다 걔라면 거리두기 안 하고 코로냐 걸려오는 새끼들 싸그리 도축장으로 보내버릴 것 이ㅈ명을 대통령으로 이러고 다녔는데 물론 농담임 경선 훨씬 전 요즘 ㅇㅈㅁ은 대통령돼도 안 그럴 것 같아서 좀 실망,0
2022-03-01,ㅇㅈㅁ 블로그 글 보기 아님,0
2022-03-01,ㅇㅈㅁ 흑역사 털리는거 웃겨서 미칠거같음ㅋㅋㅋ큐,0
2022-03-01,그 ㅇㅈㅁ 올려치기를 하고 싶은게 아니라 그냥 상식적으로 저게 말이 돼,0
2022-03-01,ㅇㅈㅁ특 따지고보면 틀린말은아닌거같은데 말을개엄좆같이함 ㅋㅋ,1
2022-03-01,ㅇㅅㅇ지지하면서 문파라고 달지 말았으면 좋겠네 ㅇㅈㅁ을 싫어 하는 것과 ㅇㅅㅇ을 지지하는 건 다른건데 ㅈ모씨나 ㅅ모씨와 다를바가 없네요 벌써 나 문재인 정말 좋아했는데 소리 들리는,0
2022-03-01,트위터 연검에 앙스타 있는 ㅇㅈㅁ,1
2022-03-01,이ㅈㅁ일당이 그동안 꼬불친 머니를 대량 살포하나봐 온갖 듣보잡 유튜버가 윤씨 가짜뉴스 뿌리고 이ㅈㅁ 피의쉴드에다 다음댓글은 댓글공작단이 완전 장악 거기에 진보팔이 장사치와 페미집단등이 이권동맹으로 사후 댓가를 약속받은것 처럼 갑자기 각 커뮤니티에서 ㅇㅈㅁ지지 호소하며 발악중,0
2022-03-01,동작 유세 보니 여리는 이미 대통령의 풍모를 갖춰 버렸음 아까 티비 연설 보니 ㅇㅈㅁ 꼬라지는 형편 없던데,0
2022-03-01,ㅇㅈㅁ지지자같은데 지능적안티임 진심잉,0
2022-03-01,길가는데 쵸딩들이 야 근데 니네들은 ㅇㅈㅁ이야 ㅇㅅㅇ이야 따른애야 이러고잇음 거대한 정치드라마 세계관에 들어온거같어,1
2022-03-01,그쵸 지 표 얻을라고 네거티브 발언에 고인 끌어오기까지 하는 놈인데 ㅇㅈㅁ이랑 박빙이라는 게 이해가 안 감요,0
2022-03-01,정치이야기 하기 싫은데 아빠는 문자로 국힘 임명장 왔다고 의기양양해하고 동생은 조심스럽게 ㅇㅈㅁ이 페미랑 손잡은거 같대 라고 알려주는데 나는 나는 소화제나 씹어먹어야지,0
2022-03-01,ㅇㅈㅁ지지자들은 머리가 돌아버렸는데 이미 윤을 악마라고 생각하네 대화 안돼요 저런 자는,0
2022-03-01,맞아요 그걸 열심히 들은 덕에 지금 걔들이 펼치는 작전 논리 손바닥 보듯 훤히 들여다 볼수 있는거죠 그들의 선동에 의심을 품을 줄 아는 자와 모르는 자 옳은 것과 그른 것을 구분하는 힘이 있는 자와 없는 자가 문파와 ㅇㅈㅁ지지자를 나누는거 같아요 우리 문파님들 사랑합니다,0
2022-03-01,나도 2030여잔데 페미라면서 ㅇ재명지지하는 것들은 제정신이냐 유기동물 반려한다는 트위터리안들도 ㅇㅈㅁ 지지한다는 사람들 왤케 많아 논리척인 척 하면서 내용은 하나도 안맞아 다 이재명 논리만 갖다 쓰고 윤은 악마화 하잖아 머리가 없다느니,0
2022-03-01,ㅇㅈㅁ 같은 인성은 대수롭지 않다고 생각하는 돈만 벌게 해준다면 얼마든지 찍는다는 그런 사람들 당신 가족들이 ㅇㅈㅁ 가족 복사판이라고 해도 찍을텐가,0
2022-03-01,민주당 대선 후보 ㅇㅈㅁ은 연일 비리 조폭 살인 횡령 갑질 대장동비리 변호사비 대납 국제파 등등 흉흉한 일들만 나온다 국민의힘당 윤석렬 후보는 연일 미담 하숙집 부터 동료들 의리 동물 사랑 아내 사랑 요리 이런 얘기만 나온다,0
2022-03-01,ㅇㅈㅅ 막으려고 ㅇㅈㅁ 찍는 한녀 팔자 넘나 기구하고 내손으로 ㅇㅈㅁ 찍을줄이야,0
2022-03-01,대선후보 조사 전화왔는데 스스로 어이가 없다 ㅇㅊㅅ를 뽑겠다고 해놓고 나중에 바뀌면 ㅇㅈㅁ 뽑을 거라 그러고 지자하는 정당은 뭐하고 물으니 ㅈㅇㄷ입니다 어쩜 이리 맥락이 없는지,0
2022-03-01,원균은 그래도 선조 명에 싸우다 전사라도 했지 ㅉㅉ ㅇㅈㅁ은 이완용처럼 나라를 팔수도,0
2022-03-01,ㅁㅈㄷ이 ㅇㅈㅁ이 절박하다 못해 쫓기는 마음이다 그래서 선악이 정확했던 문제는 답을 아는데 시대에 따라 선악이 달라지는 문제에서는 보수의 눈치를 보느라 시대의 흐름을 못 쫒아가고 있다,0
2022-03-01,아니 당장 그 토론인가 그런대에 대본없어서 1분 30초를 멍때린 놈을 대통령으로 추대하고싶음 그게 귀여워 멍청한게 아니라 ㅅㅂ ㅇㅈㅁ나도 싫은데 ㅇㅈㅁ은 대본없어도 즉석으로 이야기라도하지 쟤는 무슨 아오,0
2022-03-01,김부선 씨의 사연을 비교적 자세히 들은터라 그때부터 내게 ㅇㅈㅁ은 인간이 아니었다 거슬러 올라가서 시장부터였으니 꽤 오래된 이야기네 남녀가 서로 좋아서 사귀고 헤어졌으면 그만이지 뭘 저렇게 지저분하게 들러붙느냐 양비론적 관점으로 쉽게 얘기하는 사람들도 많지만 그들이 서 있는 위치,1
2022-03-01,딱 1사람 생각 납니다 나를위해 ㅇㅈㅁ,0
2022-03-01,매일 한개씩도 넘는 폭탄이 터지는데 ㅇㅈㅁ 지지율이 올라 ㅋㅋㅋㅋㅋㅋㅋㅋ 민족애 바사삭하네,0
2022-03-01,코로나 걸려서 1주일간 개고생하다가 오늘 오전 음성판정 받고 밀라노까지 가서 투표함 ㅇㅈㅁ 꺼져,0
2022-02-28,애초에 ㅇㅈㅁ 자체가 깡ㅍ,0
2022-02-28,ㅇㅈㅁ LH공작 미투 공작으로 정권심판론만 키워서 결국 자기 꾀에 당할듯 후보가 개차반인게 제일 큰 문제지만,0
2022-02-28,당연히 그쪽인줄 ㅇㅈㅁ 욕 계속 하길래 ㅋㅋㅋㅋㅋㅋㅋㅋㅋㅋㅋ,0
2022-02-28,탐라 대단한 여성분들 여자살해범 조카 번호 ㅇㅈㅁ 따라 다니는 심상정은 아주 아직도 정상으로 보이시죠 그러면서 윤석열 지지자는 왜 본인 투표에 글 남기느냐는 멘션까지 하시는 파워님들,0
2022-02-28,항상 구로박 이 분은 불안불안했었지요 언제 뒷통수 칠지 몰라서 불안불안하게 구래도 문프 옆에서 잘한다 생각했는데 결국 ㅇㅈㅁ에게 부역하는 모습 보니 섭섭하지도 않고 배드바이 박영선,0
2022-02-28,공감 이요 사실 ㅇㅈㅁ도 썩맘에들진않지만 아무리그래도 ㅇㅅㅇ은 아니잖아요 진짜,0
2022-02-28,대통령 선거로 ㅇㅈㅁ 은 본인 와이프 수사 받아 결과대로 처벌받아이 하고 당서인도 본인 배우자 수사받아야하고 결과 따라야함 왜 둘 다 쌩양아치였기에,0
2022-02-28,초반에 아빠랑 ㅇㅈㅁ 안뽑겠다고 싸웠는데 걍 뽑겟다고 말함 하지만 ㅇㅅ열이 생각보다 더 노답이야,0
2022-02-28,진보에는 품격이 필요없어서 ㅇㅈㅁ은 그렇게 사고치고 막말해도 되는가봐요,0
2022-02-28,사실 이 사람이 뽑고싶은건 ㅇㅈㅁ이 아니긴한데 너무 웃김,1
2022-02-28,혹시 넷플릭스에서 아수라 보셨나요 ㅇㅈㅁ다큐멘터리공유,0
2022-02-28,나는 ㅇㅈㅁ과 ㅇㅅㅇ 이 국민을 우롱하고 있다는 생각이 든다,0
2022-02-28,약간 옆동네 투디아이돌 ㅅㄴ ㅇㅈㅁ군 같은 느낌인거임,0
2022-02-28,tau2 ㅇㅈㅁ go yurim WKKWKWKWKW,1
2022-02-28,ㅇㅈㅁ이 정말 너무너무너무너무너무 싫어,0
2022-02-28,ㅇㅈㅁ 고향 가서 우는 거 진짜 적응 안된다 여우같아 진짜 다른 유형의 후보긴 한데 믿음 팍팍 생긴다 화이팅,1
2022-02-28,앞으로 난 사람 만날때 ㅈㅁ지지자냐 아니냐로 구분하면 될듯 그냥 믿고 거른다 ㅇㅈㅁ 찍는 인간은 거름,0
2022-02-28,ㅇㅈㅁ이 ㅇㅈㅅ을 매장할까 과연,0
2022-02-28,ㅈㄹㄱ ㅇㅈㅁ,0
2022-02-28,아 진짜 문프 트윗가서 사랑해요하고 ㅇㅅㅇ찍는다는 사람들 때문에 홧병날 것같은데 왜 자꾸 보여 ㅅㅂ 저렇게 돌수도 있나 ㅅㅂ 찍을거면 조용히 하시던가 나도 ㅇㅈㅁ 죽도록 싫은데 우리문프 지키려고 여혐하는 애들 망하는 거 보려고 찍는거야 ㅅㅂ 진짜 욕나오게 하네,0
2022-02-28,ㅇㅈㅁ욕했는데 막상보니 ㅇㅈㅁ뿐이었을때,0
2022-02-28,그분이 아니라고 그분 옆에 계신 그분이 그분인가 대법관 한분이 아니었지 그 옆에 옆에 분인데 ㅇㅈㅁ 이 잘 못 찍었나 보네요 같이 등산 가신분 죄사함 주신분 밀어 주시는분 아 분하다 그분을 숨기다니 ㅉㅉ 다시 불어 봐 뻥 터지게,0
2022-02-28,그래도 말은 통하는 여학우 only vs ㅇㅈㅁ지지자는 대가리깨진놈들이며 남자의 청결에 조금만 엄격해져도 페미년이라고 하는 남학우와 동문,0
2022-02-28,ㅇㅅㅇ이 당선되도 민주당 탓이고 ㅇㅈㅁ이 당선되도 민주당 탓이다 ㄱ짜증나,0
2022-02-28,여기 전주 그래도 민주당이니 ㅇㅈㅁ 뽑아야지 않겠냐는 시엄니께 형수쌍욕 얘기해드림 차마 사람이라면 담지 못할 욕이다 별명이 오죽하면 찢이다 시엄니 소름돋는다며 다시 생각해봐야겠다고 용기 얻어 신랑 꼬시기 도전,0
2022-02-28,ㅇㅈㅁ이나 ㅇㅅㅇ이나 둘다 병신인거 똑같은데 니가 더 더럽네 내가 덜 더럽네 지랄하는거 보면 어이가 없음 니들 중 한 명이 대통령이 된다는게 진짜 처참하다,0
2022-02-28,정체가 뭘까요 팔로잉하고 있는 사람들은 주로 ㅇㅈㅁ 지지 정치인 ㄱㅇㅈ패거리고 계정 생성은 한참 전에 했고 쓰여있는 글은 포르노 성매매 홍보글이고,0
2022-02-28,ㄷ 선투표 아빠가 날씨 좋으면 ㅇㅅㅇ이 이기고 안 좋으면 ㅇㅈㅁ이 이긴대 날씨가 좋으면 노인들이 잘 나가서 그런다함 노인 중엔 625때를 겪은 분들이 있어서 북한 싫어하니까 ㅇㅅㅇ을 뽑는다고,0
2022-02-28,제가 갑자기 ㅇㅈㅁ을 해도 놀라지말아요 전 윤은 진짜 아닌것 같다구요 전 우리지역 도지사 뽑을때도 ㅇㅈㅁ 안찍었어요 ㅆㅂ,0
2022-02-28,ㅋㅋㅋㅋㅋㅋㅋㅋㅋ나도 ㅎ ㅅㅂ 그러니가 말이야 시발 아 난 우리 지역 도지사 고를때도 ㅇㅈㅁ 안찍었어ㅅㅂㅋㅋㅋㅋㅋㅋㅋㅋㅋㅋㅋㅋㅋㅋㅋㅋㅋㅋㅋㅋㅋㅋㅋㅋㅋㅋㅋㅋㅋㅋ근데 윤은 진짜 하 눈물나 ㅅㅂ,0
2022-02-28,읭 ㅇㅈㅁ도 부부가 골고루 박근혜는 껌이네,0
2022-02-28,아부지가 ㅇㅈㅁ은 사기꾼이라 ㅇㅅㅇ 뽑아야 한데 아 네,0
2022-02-28,하 진짜 살려면 ㅇㅈㅁ 뽑을 수 밖에 없다 진짜,1
2022-02-28,히로아카 대사 초성으로 맞추기 개비님은 ㄷㅋ ㅇㅈㅁ 를 맞춰주세요 데쿠 오지마 오마갓 데쿠캇,0
2022-02-28,허걱 믿을수가 없네요 저희 친정아버지 시아부지 모두 ㅇㅈㅁ 지지,1
2022-02-28,버정에 왠 젊은 남자가 ㅇㅈㅁ 선거 유세하는 거 보고 욕을 욕을 하는데 본인이 누구 지지지하고 누구 싫어하는지 안 궁금하니까 마스크나 제대로 쓰세요,0
2022-02-28,그래도 선생님 ㅇㅈㅁ이 대통할 순 없쟎나요 혜안 좀 나눠주세욤,1
2022-02-28,가암히 여자들이 자기들과 대등한 인간으로 취급받는거 못참겠다고 그럴바에 차라리 다같이 죽자고 무덤파고있는 인셀새끼들 보면서 한심하다고 생각했는데 이쪽도 마찬가지같음 ㅇㅈㅁ이 너무 싫어서 그냥 다 죽자고 모두함께 파묻힐 무덤 파고있는듯,0
2022-02-28,이사람이 ㅇㅅㅇ을 지지할이유라면 정말 딱 하나밖에 없는데 ㅇㅈㅁ을 진짜 너무너무너무너무 싫어한다는 점 그런데 정말 그 하나로 ㅇㅅㅇ을 지지할수있는건가 진짜 레알,0
2022-02-28,마자 그래서 엄마랑 나는 합의를 봄 엄마는 죽어도 ㅇㅅㅇ 안 뽑고 나는 죽어도 ㅇㅈㅁ 안 뽑기로 엄마랑 거의 일주일 내내 싸우다 일케 합의봄,0
2022-02-28,ㅇㅈㅁ 메들리 누가 불렀지 목소리 좋다,1
2022-02-28,ㅇㅈㅁ민주당 심판이라니까,0
2022-02-28,ㅇㅈㅁ ㅇㅈㅁ # #,1
2022-02-28,ㅇㅈㅁ 형수욕은 욕도 아니다,0
2022-02-28,저도 혹시 싶어 말 붙였다가 ㅇㅈㅁ이 얼마나 나쁜놈인지 아냐고 쓴소리만 들었습니다 그뒤로는 말도 안 꺼내고 있고요,0
2022-02-28,이래도 페미가 ㅇㅈㅁ을 찍는다는 개소리 해라,0
2022-02-28,ㅇㅈㅁ 찍으라는 전화를 받았다 내 표는 내가 알아서 하겠습니다 어디 양아치놈을 찍으라는거야,0
2022-02-28,혹시 잘 모르겠으면 ㅇㅈㅁ 찍으면 돼 잘 모르면 안되지만 투표는 꼭 ㅎr자,1
2022-02-28,ㅇㅈㅁ 비버 닮음,1
2022-02-28,아오 근데 진짜로 ㅇㅅㅇ 싫어서라도 ㅇㅈㅁ 뽑아야 될 거 가틈 ㅅㅅㅈ 하려고 햇ㅅ는데 뤠알 ㅇㅅㅇ대면 어캄,0
2022-02-28,김은혜 대장동 녹취록 공개 시장님이 천억만 있으면 된다 고 말해 거짓말 궤변으로 국민을 속이고 사기친 ㅇㅈㅁ을 처벌해야 한다,0
2022-02-28,아직도 털보류들의 말을 굳게 믿으면서 깨어 있다 착각하는 사람들 많아요 심지어 언론이 기울어진 운동장이라 ㅇㅈㅁ 에게 불리한 내용이 나오는거랍니다 저에게 대놓고 너 신천지냐 라고 하더라구요,0
2022-02-28,어떤 20대가 ㅇㅈㅁ이 이기면 여자가 이기는거고 윤후보가 이기면 남자가 이기는거라는 트윗을 했다 이건 무슨 X소리인고 누가 이런 말도 안 되는 논리를 주입시킨거냐고 여자라면 ㅇㅈㅁ은 절대 지지 못 할거라 생각했는데 요며칠 20대 여자 계정들 보고 너무 충격받음,0
2022-02-28,윤석열의 최대 장점은 ㅇㅈㅁ 이 아니라는 것 그것에 비하면 다른 것들은 부차적이에요,0
2022-02-28,저 주말에 ㅇㅊㅅ 찍음 ㅇㅈㅁ 되니까 안된다는말 실제로 들었어요 참담함이,0
2022-02-28,나를 제외한 가족들은 ㅇㅅㅇ보다 ㅇㅈㅁ이 더 싫은가봄 응 그치 둘다 싫지만 그래도,0
2022-02-28,ㅇㅈㅁ 땜시 국격이 살살 녹습니다 열받아요,0
2022-02-28,아 내동생 존나웃기넼ㅋㅋㅋㅋㅋㅋㅋ 엄마 대깨문레벨5 한테 ㅇㅈㅁ 안찍고 허경영 찍자고 나 내동생 경제적극보수 도 ㅇㅅㅇ 안찍고 허경영 찍을테니까 이지랄 하고 있음 ㅋㅋㅋㅋㅋㅋㅋㅋㅋㅋㅋㅋㅋㅋㅋㅋㅋㅋㅋㅋㅋㅋㅋㅋㅋㅋ,0
2022-02-28,저는 그 이름도 부르기 싫어서 ㅁㅅㅇ라고 불렀었는데 이름을 지칭해야 겠네요 ㅇㅈㅁ이라고,0
2022-02-28,당근에 ㅇㅈㅁ ㅎㄱㅇ 포카까지 파네ㅋㅋㅋㅋㅋ 미친,1
2022-02-28,ㅇㅈㅁ 코로나라도 걸려서 투표일까지 얼굴 좀 안봤음싶네,0
2022-02-28,문득 문프의 사람이 먼저다 문구를 보다가 인명 인권을 최우선으로 한다는 의미로만 생각했었는데 먼저 정직하고 정의롭고 따뜻한 사람이 되어야한다 는 뜻도 있다는 생각이 드네요 금수만도 못한 ㅇㅈㅁ out,0
2022-02-27,투표를 안하면 ㅇㅅㅇ이돼요 그럼 투표를 하세욧 그럼 ㅇㅈㅁ이돼요 투표를 하지마세욧 그럼 ㅇㅅㅇ이돼요 하세욧 ㅇㅈㅁ이돼요,1
2022-02-27,ㅇㅈㅁ 음 닌 조옵밥,0
2022-02-27,ㅇㅈㅁ이 유능하다면 대한 민국 조직 폭력배 들은 다 유능해서 깡패가 된것인가,0
2022-02-27,ㅇㅈㅁ을 사람으로 보다니,0
2022-02-27,히로아카 대사 초성으로 맞추기 산님은 ㄷㅋ ㅇㅈㅁ 를 맞춰주세요 데쿠 오지마,0
2022-02-27,ㅇㅈㅁ라면 다른 단어입니다 흠 근데 그 장면에 가스라이팅은 잘 모르겠 네요 그 장면은 앨빈이라는 친구가 토마스라는 친구에게 나 여행간다 너무 기대돼 너랑 놀거야 라고 하는 장면인데 가스라이팅보다는 상황에 대한 부담감에 가깝다고 생각혀요 저는 ㅇㅁㅇ 하지만 연뮤는 씨왓이니,0
2022-02-27,아니 가스라이팅 ㅇㅈㅁ는 잊지마 겠군요,0
2022-02-27,가라고 안해요 ㅇㅈㅁ 라고하지 근대 지대짱 스포니까 앉아서 직접봐요,1
2022-02-27,ㅋㅋㅋㅋㅋㄱ저기 사실 왼쪽으론 ㅇㄷㅇ커피뷰고 오른쪽은 기호1번 ㅇㅈㅁ뷰라서 지금 사진이 최대한 덜 한국적임 ㅋㅋㄱㅋㅋ,1
2022-02-27,두인간 ㅁㅈㅇ ㅇㅈㅁ 초성어하나 안틀려요,0
2022-02-27,이거 후보 얘기가 아니라 ㅇㅈㅁ 선거 유세 트럭 이 진짜 10분동안 갈라진 목소리로 큰 사거리에서 여러분드으으을 만 계속 해서 화난거였는데 이날 저녁 뉴스에 우리지역 노인분이 진짜 주먹질 하셨다고 함 일반적인 선거 트럭보다 50배는 더 시끄러웠음 진짜로,0
2022-02-27,오지명은 이름도 ㅇㅈㅁ이면서 이재명 지지선언 안하고 허경영 지지하네,0
2022-02-27,안철수 찍으려던 분들중 ㅇㅈㅁ으로 마음을 바꾼 분들이 속출하고 있는듯 윤핵관과 윤이 안을 너무 심하게 무시한 게 결정적인듯,0
2022-02-27,ㅇㅈㅁ 고추밟힌거보고 웃겨서 괜찮아짐,1
2022-02-27,양밥이 딱 그거임 혜명화가 했다는 그 오살의식 같은 거 ㅇㅈㅁ 집에서도 윤석열 짚인형 만들어 놓고 찌르고 있을 거 같은데,0
2022-02-27,ㅇㅈㅁ 지지한다는 친구들이랑 하나씩 손절치고이 다는거 듣고 경ㅇ악함,0
2022-02-27,ㄱㅅㅇ ㅇㅈㅁ 입에서 오빠소리 안 나오게 하자 언니소리만 나오게 하자 제발,0
2022-02-27,문프 사랑해요 붙여놓고 ㅇㅈㅁ 지지한다는 건 마치 아인슈타인도 존경하고 히틀러도 존경하는거랑 비슷한거 아닌가 아님 안중근 의사 존경한다면서 이완용도 존경한다는거,0
2022-02-27,히로아카 대사 초성으로 맞추기 와이님은 ㄷㅋ ㅇㅈㅁ 를 맞춰주세요 데쿠 오지마 이거 재밌네,1
2022-02-27,샤워 안하고 미적대고 있어서 ㅇㅈㅁ이 ㄱㅊ밟혔다는 사실도 알게되고 씻자,1
2022-02-27,ㅇㅈㅁ 지가 어디서 양밥 하고 있는 모양이지,0
2022-02-27,늬들 끝났어 ㅂㅅㅇ 대세는 ㅇㅈㅁ,0
2022-02-27,ㅇㅈㅁ은 인상이 더럽지 그냥 더럽게 생김,0
2022-02-27,ㅇㅈㅁ은 꼭 명심해야한다 지금의 혹은 나중의 지지가 본인이 아닌 저런 분들에 대한 지지임을,1
2022-02-27,일등 ㅇㅈㅁ임,1
2022-02-27,3 4위 ㅎㅎㅈ랑 ㅁㅎㅅ 1위 후보는 ㄱㅅㅇ랑 ㅇㅈㅁ,0
2022-02-27,남은자리예상 ㄱㅅㅇ ㅇㅈㅁ ㅇㅊㅇ 7위는모르겟음,1
2022-02-27,이정도면 고도의 ㅇㅈㅁ 빠 아님,0
2022-02-27,ㅇㅈㅁ ㅂㄱㅅㅇ,1
2022-02-27,리 딱 봐도 양다리 각 근데 이제 와서 ㅇㅈㅁ과 야합하면 지지자들도 다 돌아설 것,0
2022-02-27,썅 그냥 ㅇㅈㅁ 찍어야겠다 그 놈이 그 놈이긴 한테 저 놈만큼은 안되겠다,0
2022-02-27,진짜 ㅇㅈㅁ 돼야한다,0
2022-02-27,ㅇㅈㅁ 대통령 결선투표제 하자 나 ㅋㅋㅋㅋㅋㅋ,0
2022-02-27,2022 혼돈의 카오스 ㅁㅈㅇ을 좋아하지만 ㅇㅅㅇ을 찍겠다 ㅂㄱㅎ를 좋아하지만 ㅇㅈㅁ을 찍겠다 ㅂㅎㅈ가 ㅇㅅㅇ을 까고 ㅈㅈㄱ이 ㅇㅅㅇ을 빤다,0
2022-02-27,ㅇㅈㅁ그닥 좋아하지않지만 저게 너무 웃겻다 꼬추밟혓는데억울한,0
2022-02-27,요즘 내마음속에서 제일 열심히 ㅇㅈㅁ 선거운동하고 있는게 바로 ㅇㅅㅇ임,1
2022-02-27,걍 소신발언한다 윤 싫다고 이 올려치는거 진짜 보기싫고 짜증남 가식vs멍청일 뿐인데 여권과 약자를 위해 이를 뽑아야한다니ㅋㅋ 표심 얻을라고 하는 입바른 소리를 믿냐고 ㅇㅈㅁ 처음엔 펨코에 자기pr글 싸질렀다는 걸 기억하길,0
2022-02-27,ㅇㅈㅁ 안동출신이라 영남경쟁력이 있다는 걸 ㅈㄹ 강조하길래 얼마나 살았나 알아보니 초등학교 졸업하고 성남으로 이사와 지금까지 살았으면 성남출신 아닌가,1
2022-02-27,천만원을 주든 억을 주든 ㅇㅈㅁ 말을 믿어 종특이 말바꾸기에 거짓말인데,0
2022-02-27,리 ㅇㅈㅁ은 관할지역에서 대형화재 났는데도 마산에서 떡볶이나 처먹음,0
2022-02-27,뇨타 ㅇㅈㅁ,0
2022-02-27,리 ㅇㅈㅁ은 이승에서 사퇴하라,0
2022-02-27,언니한테 적어도 ㅇㅈㅁ 뽑으라고 해야할 판이군,0
2022-02-27,히로아카 대사 초성으로 맞추기 ㅍㅊ님은 ㄷㅋ ㅇㅈㅁ 를 맞춰주세요 데쿠 오지마,0
2022-02-27,ㅇㅈㅁ 핀란드로 수출해서 대통령 시키면 정치경력이 많아서 전쟁 잘 막겠지,0
2022-02-27,사람들이 어리석기 때문임 ㅇㅈㅁ 민주당은 문재인 민주당이 아니라는 걸 모름,1
2022-02-27,작은나라 힘없으면 만만하게 보고 함부로 말 뱉는 ㅇㅈㅁ 민주당이 더 이상 의미가 있을까 워딩도 국힘보다 못하고 일베스런 당,0
2022-02-27,네 일단 ㅇㅈㅁ 처럼 막자라지는 않은게 분명해요 김 건희가 비록 우여 곡절 끝이지만 김건희 입장에서 보면 남편 잘 만난듯 김 건희가 문제지 윤 석열은 무난한듯,1
2022-02-27,오합지졸 ㅇㅇㅈ 가현아 ㅇㅈㅁ 시안아 ㅇㅊㅇ ㅂㅎㅇ ㅂㅎㅇ 쎄쎄쎄라도 할래 ㅇㅊㅇ 그래,0
2022-02-27,히로아카 대사 초성으로 맞추기 굴러가던 도토리님은 ㄷㅋ ㅇㅈㅁ 를 맞춰주세요 꺄앙악 캇쨩이 했던 대사져 캇쨩은 그때 데쿠 오지마 를 외쳤습니당,0
2022-02-27,아오ㅆㅂ내가 알바하다가 폭설이 내리는게 대통령탓이라는 어르신 얘기 들어가며 담배팔아본적은 있지만 살다살다 ㅇㅈㅁ이랑 ㅇㅅㅇ이 합당해야한다는 소리는 첨들어본다,0
2022-02-27,영주시민 여러분 너무 노여워하지 마세요 윤성열 안 만난것이 참으로 다행입니다 만나서 연설 들었더라면 애라이 연설하고 자빠졌네 하고 더 실망이 컷을겁니다 영주시민 여러분 나를 위해 ㅇㅈㅁ,0
2022-02-27,ㅊㄹㅆ ㅅㅂ ㄴㄴ ㅇㄹㅁㅇㄱ ㄱㅅㄷ ㄴㄴ ㄱㄷㅇ ㅁㅎㄱ ㅈㄴㅅㄲ ㅌㄹㅇㄷ ㅈ ㅇ ㅂㅇㄷㄱㅇ ㄱㅈ ㅎㅅㄷ 2ㄷ ㅊㅎㅎㄷ ㄱㅅ ㅈㄹ ㅌㅊㅎㅈㅅㅇ ㄴㄴㅇ ㅇㄷㅇㅇㄷ ㅁㅇㅇ ㅎㄷ ㅇㅇㅎㄱㅅㄷ ㅎㅈㅁ ㅂ ㅇㅁㄱ ㅈㅇ ㅇㅈㅁ ㅅㄴ ㄱㅇㄴ ㅊㅋㄴㄱ ㄱㅇ ㅅㅎㅎㄱㅅㄷ,0
2022-02-27,안철수 저러니까 정말 빼박 엠비아바타 같잖아 ㅇㅈㅁ 최측근 백종선이 이재선 씨에게 보낸 문자에서 엠비가 우리편 이라는 내용이 한 치의 오차도 없이 딱 맏아떨어지는 부분,0
2022-02-27,물론 2차질은 자기맘이라지만 정도라는게 있지 너무 심한건 좀 생각나는 적퍠컈햬연셩 중에 하나는 ㅎㅋㅌ랑 ㅇㅈㅁ가 서로 ㅅㅂㄹ를 차지하려고 신경전벌이며 캣파이트 하는 ㅅㅂㄹ총수 연성이엇는디 그후로 컾링태그 여러개 쓰여 잇는거나 뫄뫄른 마토메 같은건 안보게 됨,0
2022-02-27,ㅇㅈㅁ 싫어서 ㅇㅅㅇ 뽑는다는 ㅇㄴㅇ 지지자들은 진짜 머리가 어케 된 거 아님 이런 말 ㅈㅅ합니다 그치만 저분들이 먼저,0
2022-02-27,같이 일하는 친구에게 ㅇㅈㅁ이 이웃나라 전쟁에 남의일이라고 발언하는것에 야 이것보라고 어쩜 말하는것도 라고 하니까 사실 맞는말이긴 하지 안그래도 우리 남편도 주식 떨어져서 슬퍼하더라고 말하는거 듣고 좀 그랬다 내가 유난스러운걸까 생각하다 탐라 들어오고나서 심적 안정됨,0
2022-02-27,서면이랑 광안리가면 겁나크게 ㅇㅈㅁ 선거노래 틀어줌,0
2022-02-27,근데 ㅇㅈㅁ도 뽑기싫어 ㅋㅋ 하,0
2022-02-27,이렇게 ㅇㅈㅁ 선거 운동을 ㅇㅈㅅ이 다해준다 진짜 사실 ㅇㅈㅁ 캠프 스파이였던거 아님 어떻게 이렇게 표를 저쪽에 주고싶게 만들 수 있지 대단하다,0
2022-02-27,ㅇㅈㅁ이든 ㅇㅅㅇ이든 다 싫은데 2번만은 안됐으면 좋겠다 제발,0
2022-02-27,해외에서 ㅇㅈㅁ 발언 때문에 한국 교민들이 곤란해지는구나,0
2022-02-27,생각해봤는데 한국에 전쟁 일어나면 ㅇㅅㅇ ㅇㅈㅁ 둘다 도망갈듯,0
2022-02-27,빡치게구네 진짜 ㅇㅈㅁ은 트윗에 선거관련 민원 넣는 곳 전화번호 바로 뜨는데 ㅇㅅㅇ은 아무리 찾아도 없음 홈페이지에 어디로 연결되는 전화인지도 안 띄워놓은 전화번호만 띡,0
2022-02-27,백년안에 돌아온다던 일본놈의 말이 있었는데 너냐 ㅇㅈㅁ,0
2022-02-27,진짜 ㅇㅈㅁ ㅇㅅㄹ 둘 다 대통령 되면 안됨 나라 안그래도 엉망인데 둘 줄 한명이라도 되면 더 엉망진창됨 한마디로 대통령후보 중 대통령될만한 후보가 없다는게 참,0
2022-02-27,ㅇㅈㅁ 되면 ㅎㄱ익 쟤도 다시 티비 나올까버 못 뽑겠고 진짜 누구뽑지,0
2022-02-27,봇 맞팔해요 랄까 지금 ㅇㅇㄹ 계정 이전 ㅇㅈㅁ 계정이었음,1
2022-02-27,ㄷㅋ 요즘 ㅇㅈㅁ 지지라서 ㅋㅋㅋㅋ ㅋㅋ,0
2022-02-27,그때 미끄러졌으면 권력도 혈세도 ㅇㅈㅁ 맘대로 주물럭대지 못했을 테니까 한번 미끄러져 틀어진 방향은 되돌릴 수 없었을 거에요,0
2022-02-27,ㅇㅈㅁ은 언제 무슨 말을 했는지를 전혀 기억하지 못하는 기억상실자인가 아니면 언제 내가 그랬냐고 자기 말도 뒤집는 거짓말 상습자인가 도통 알 수가 없다,0
2022-02-27,둘다 미필이라는 게 참 그 중 ㅇㅈㅁ은 우크라 징집대상 출금을 운운하며 무섭지 않냐 고 협박 시전 전쟁 나면 바로 튈 거 같음 그래서 나는 덜 비겁해 보이는 윤석열 찍을 거임,0
2022-02-27,ㅇㅈㅁ을 뽑지 말아야 할 이유가 또 생겼음,0
2022-02-27,하 ㅇㅅㅇ 개소리해서 아 ㅇㅈㅁ찍어야되나 하면 지 찍지말라고 개소리 한번씩 하네 누구찍어요 이나라는희망이없어,0
2022-02-27,정치에 대해서 잘 아는 것도 아니고 말 하려 할 생각도 없었는데 차악과 최악이잖아 근데 견제로 ㅇㅈㅁ 투표해서 선출되면 우리는 국제에서 까였던 사람을 직접 뽑은 국민들이 되는거겠네,0
2022-02-26,수년전 내가 좋아하는 인디가수님이 말투도 노래도 온화하고 평화롭고 여린마음 정치에 관심 많은듯 ㅇㅈㅁ을 지지하셔서 읭 했는데 그때 그에 대한 오해가 많고 사실 어느누구보다 진정성 있다 이런게 그의 주장이었다,1
2022-02-26,정신 감정도 해야한다고 봅니다 ㅇㅈㅁ 얘기듣고 있으면 내정신까지 이상해지는듯,0
2022-02-26,이번 침공으로 푸틴 힘 빠지면 왠지 ㅁㅈㄷ과 ㅇㅈㅁ도 망할 거 같은데 친러친중 세력들 다 망했으면,0
2022-02-26,ㅇㅈㅁ 사람 새끼도 아니란 인증 ㄷㄷㄷ,0
2022-02-26,죄지어 잡히면 잡은 그 놈이 범죄인이라고 뒤집어 씌우는 ㅇㅈㅁ 천하에 용서 못받을 정치 사기꾼,0
2022-02-26,좋겠어요 ㅎㅎ 논리없이 쉴드치니 반감만 사고 암튼 결론은 진중권은 ㅇㅈㅁ ㄱㅎㄱ 이 최소한 사람이라 믿은거 같고 그 둘은 그 만큼 상식밖의 부류라는 거 아닐까요 ㅎㅎㅎ 어쩜 진중권작가의 면피용 변명이었을수도 있지만요,0
2022-02-26,ㄴ ㅈ ㄴㅇㅈㄱ ㄴㄹ ㅈ ㅈㄴㅈㄴㄱ ㅇㅈㅁ ㄷㄹㅅㄹㅇㄹ ㄷ ㅈ ㅈㄴㄱ ㅇㄴㄱㅂㅁ ㅈㅌㄱ ㄴㄴㄱ ㅇㅉ ㅅ ㅇㄴ ㄱㄱㅂ ㅅㅅ ㅇㅅㄴ ㄷㅎㄷ ㅂㄹ ㅇㅎㄱ ㅇㄴㄱ ㄱㅇㅅ ㅇㅅㄱ ㅁ ㄱㄴ ㄱㄹㄷㄱ ㅋㅋ ㄱㄴ ㅇㅇㄹㄷ ㅈㄱㅊㄹ ㅈㄷㅎ ㅈ ㅈㄴㅈ ㄹㄱ ㅎㅇㅎㄴ ㄷ ㅁㅇ ㄴㅈ ㅅㄹㅎ,1
2022-02-26,ㅈㄱ ㅇㄹㅇㄹ ㄱㅇㅎㄱ ㅇㄴ ㅂ ㅈㅇ ㅎ ㅂㅇㅅㄴㅇ ㅇㅁㄴㄴ ㅌㅇㅇ ㅊㅇㄱ ㅁㅅㅇㄴ ㅁㅉㅇ ㅇㅅㅎ ㅎㄱㅇㅈㄴ ㅇㅈㅁ ㄱㅅ ㄱㅈㄱ ㅈㅋㅂㄱ ㅇㅇㅇ ㅇㄹㅇㄹ ㅌㅊㅎㄱ ㅅㅇㅇ ㅅㄹㅎㄴㄷ,1
2022-02-26,우리집 전부 민주당인데 지금 세파로나뉨 똑같이 윤뭐시기가 되면 ㅈ된다는 의견인데 강성민주당원 원투는 ㅇㅈㅁ이낫다고 하고 여자 둘은 마음은 그나마 ㅅㅅㅈ이 낫다고 생각하나 갈아타자니ㅇㅅㄹ이 될것같아 울며겨자먹기로 사이코찍겠다선언 나머지남자하나는 그래도사이코는 싫다며 투표거부,0
2022-02-26,ㅇㅈㅁ 뽑는 인간들은 손절이 답,0
2022-02-26,1 굽신거린다고 전쟁의 이유가 봉쇄되진 않습니다 2 더많은걸 요구하겠죠 내가 힘 전쟁억제력 이있어야 합니다 3 중립국선언했는데 나토지지하면 침략당하고 학살당해야하나요 4 당신은 정치에 미치 ㅇㅈㅁ 쉴드치려고 일관성있게 성폭력이든 전쟁이든 피해자탓하며 개 ㅈ같은 소리를 하는중,0
2022-02-26,보컬로이드 우타이테 곡 초성 맞추기 퓰님은 ㄴㄹㅇ ㅎㅌㄴ ㅇㅈㅁ 보쿠와 우타우요 에가오오 쿠레타 키미가 나이테루 토키 호은노 스코시다케데모 이이 키미노 사사에니 나리타이,0
2022-02-26,아무리생각해도 ㅇㅈㅁ은 쎄해 공포감과 쎄함이함께온달까,0
2022-02-26,ㅇㅈㅁ 발언 챙피하다 그와 그 밑에 사람들수준이 드러남 빨리 사과하던지해라 코리아 망신 대망신,0
2022-02-26,ㅇㅈㅁ이나 ㅇㅅㅇ 지지하는 사람이나 둘 다 여혐할 것 같은데 ㅇㅅㅇ은 상종 못할 쪽에 가까운 것 같음,0
2022-02-26,대세는 이미 윤석열2 오죽하면 민주당 권당인 우리 가족도 태어나 첨으로 다른당 찍겠어요 그 정도로 ㅇㅈㅁ이 쓰레기 후보란 말,0
2022-02-26,이게 사실 ㅇㅈㅁ이 국힘 후보였으면 대장동 논란 언급도 안되었을거고 형수 욕설 영상 자체가 올라오지도 않았을거고 온갖 악의적 조롱이 나오지 않았을것임,0
2022-02-26,야심한 밤에 ㅇㅈㅁ이 당선될것같은 이유를 쓰고감 한국노총 역대 지지후보 이회창 낙선 이명박 당선 박근혜 당선 이재명 이사람들은 기본적으로 눈치가 빠름 떨어질 후보를 지지했다가 반대정권이 들어와서 탄압받는걸 원하지 않음,0
2022-02-26,ㅅㅂ ㅇㅈㅁ ㅋㅋ 해외 커뮤에 퍼지고 있네 나라 망신 잘 시키고 있다,0
2022-02-26,인스티즈에 누가 ㅇㅈㅁ 일베였단 발언 짤 올렸는데 벌레들 엄청 달라붙더라 악의적으로 짜깁기 했다고 맥락을 봐야 한다는 것들도 많이 달라 붙고 작성자 4분만에 글 삭제,0
2022-02-26,ㅇㄹㅅ ㄹㅊ ㅇㅈㅁ 스글 ㅌㅌㄹ ㅅㄴㅂ 메탈카 1장 ㅎㅁㄹ 2장 완료,1
2022-02-26,버스시간 때문에 호다닥 공연장 나와서 엘베 기다리는데 ㅇㅈㅁ배우가 민석이한테 얼마나 고생했을까 하는 소리 들려서 내가 다 울컥 오늘 너무 많이 울어서 마음 아팠어 고생했다 내 새낑,1
2022-02-26,이완용이랑 ㅇㅈㅁ이랑 동향이라 주장한 사람 성남시의원이네ㅋㅋㅋㅋㅋ 개그하냐 주장도 틀림ㅋㅋㅋ,0
2022-02-26,국민을 부끄럽게 하는 사람이 대선후보라니 물론 다른 사람이 좋다는 것이아니다 그러나 ㅇㅈㅁ만은 막을 것이기에 그런 것,0
2022-02-26,임산부 전용주차장에 주차 방해하고 있는 ㅇㅈㅁ 선거유세차량 임산부 전용 좌석에 앉은 후보나 임산부 전용 주차장에 차량 걸쳐 놓은 선거운동원이나 생각이 없어요 생각이 #이재명을거부합니다 #임산부전용,0
2022-02-26,이번엔 윤석열 찍어주세요 아 고민중이었는데 고민 끝났네요 투표도 꼭 하셔야 해요 안그럼 ㅇㅈㅁ됩니다 네,1
2022-02-26,독재 러시아 편 ㅈㄱ ㅇㅈㅁ,0
2022-02-26,ㅇㅈㅁ 이 되면 ㅇㅈㅅ 이 책임지고 사퇴하는 그림이 나올라나요 ㅋㅋㅋㅋㅋ 대선이든 총선이든 하여튼 뭐 지면 사퇴하는거 전통 이잖아요,0
2022-02-26,엄빠한테서 전화왂다 ㅇㅈㅁ 뽑으라고,0
2022-02-26,ㅇㅈㅁ 미친 사람이 아냐,1
2022-02-26,수많은 문파 트위터러들이 ㅇㅈㅁ 같은 게 대통령 되면 저 경솔한 입 때문에 외교참사 일어날 수 있다고 했냐 안했냐,0
2022-02-26,ㅇㅈㅁ ㅇㅈㅁ # #,1
2022-02-26,외국에서 ㅇㅈㅁ을 코리안 싸이코라는데 어떻게 생각하시나요 그들이 틀렸다고 보십니까 당신이 공천을 받는다 쳐도 찍어주지 않을겁니다 왜 이재명당은 회생못할 만큼 썩어버렸으니까요 당원이니 뭐 어쩌라구요 당신들이 당원들의 요구를 들어주는 척이라도 한적 있습니까 표가 필요할때만,0
2022-02-26,대가리에 총 맞지 않는 이상 ㅇㅈㅁ 안 뽑을라 했는데 윤석열이 내 대가리에 총쏨씨발 이게 너무 웃펐어,0
2022-02-26,의정부에 ㅇㅈㅁ 왔다고 일대 교통이 마비래 집에 가고싶어 0 ㄴ,0
2022-02-26,블락한상태라 말하는데 둘이 나한테그랬다 그래도 ㅇㅈㅁ이일하는거같아서 좋은거같다고 ㅋㅋㅋㅋㅋ 쟤지금 전쟁난나라한테하는거봐라 이번에너네는 쟤뽑겠네 후회하길,0
2022-02-26,속보 ㅇㅈㅁ에 고소고발당한 시민모임 분노의 이를갈며 윤석열지지 선언,0
2022-02-26,자세한내용 올려주심에 감사합니다 이런 우크라이나상황에서 볼수있듯 강대국들이 우크라이나의 안전을 지켜주지 않고 방조하고 있으면서 스스로 지키려는 안전을 막는건지 윤석열후보의 우리가 강한국방력을 키워야 평화를 지킬수 있다는말이 맞는말 인데 ㅇㅈㅁ은 어떻게든 흠집을 내려하네요,0
2022-02-26,ㅇㅈㅁ 선거 트럭 옆에서 노숙자 분이 춤추신다 신선한 조합,1
2022-02-26,티비토론을 이용한 ㅇㅈㅁ의 거짓말 덮어씌우기에 대한 대책이 필요합니다,0
2022-02-26,무식한 통치자 그래서 ㅇㅈㅁ은 대통령이 되면 안되는겁니다 새삼 일깨워줘서 아 주 감사합니다,1
2022-02-26,누구보다 졸라 신나보임 하튼 요즘 ㅇㅈㅁ 올려치기글 졸라 많이 봐서 속이 더부룩해,1
2022-02-26,요즘 제일 짜증나는 것 어쩔 수 없이 ㅇㅈㅁ 뽑는 자신을 모에화하는 것,0
2022-02-26,자꾸 젤렌스키가 부족해서 초짜라서 뭣도 모르는 코미디언 출신이라 우크라이나 공격받았다고 하는데 솔직히 ㅇㅅㅇ ㅇㅈㅁ 둘 다 막상 전쟁 터지면 꽁무니 빠지게 도망갈 듯 굳이 따지자면 전자가 더 부리나케 사라질 것 같고 후자는 전략상 후퇴라고 입 털듯ㅋㅋ,0
2022-02-26,ㅇㅈㅁ 레딧에 진출해서 대차게 욕처드시는중,0
2022-02-26,마음에 안들었을 때 밥상 엎는건 ㅇㅈㅁ이라는 일화 1 시청앞에 스테이트장설치 예산신청 2 시의회에서 교통이 편한 곳에 더 크게 만들자며 역제안 3 자기한테 딴지 건다며 엎음 4 그리곤 시의회가 반대했다며 언플,0
2022-02-26,제발 ㅍㅋ충ㅇㅈㅅ이랑 ㅇㅅㅇ 뒤통수에오함마좀갈겨주세요 ㅇㅈㅁ씨 보고계신가요 나를정치계로 만들지말라,0
2022-02-26,무슨 개뜬금으로 둘리 소환해서 깔려고 했던 모양인데 어쩌냐 까일 거리로는 니가 세계 최고인데 ㅇㅈㅁ 지지자들도 지금 진짜 둘리 같다 낄낄거릴 때가 아니라 저 모임 이름 하나하나 정독해봐라 웃음이 나오나,0
2022-02-26,아알았다고ㅇㅈㅁ찍는다고,0
2022-02-26,담당점포 이층이 카페석이이고 전면 유리창이 큰데 북한산뷰 ㅇㅈㅁ 현수막 붙어가지고 북한산뷰 졸지에 ㅇㅈㅁ뷰 된거 존나 웃김,1
2022-02-26,우크라이나인의 분노에 찬 댓글 우크라이나 국민들과 젤렌스키 대통령을 선거에 이용하는ㅇㅈㅁ과 ㅇㅈㅁ당 인간들 정독하고 반성해라 하긴 반성할 생각이 있는 인간들이면 애초에 그런 소리를 했겠냐 #StandwithUkraine #StopPutin #StopRussia #StopWar #StopWarinUkraine #NoWarinUkraine,0
2022-02-26,어케 맨날 ㅇㅈㅁ 찍을까 고민만 하면 후보 본인부터 지지자들까지 싹다 헛소리나 해대는거임,0
2022-02-26,ㅇㅅㅇ은 적어도 같이 밥먹었다는 사람이 나오는데 ㅇㅈㅁ은 한명도 없음 뺏어먹기만 했나,0
2022-02-26,ㅇㅅㅇ 막아야 하니 ㅇㅈㅁ 찍으라는 트위터여자들 글 보면 단 한 마디도 다른 소수자 이야기가 없음 뭐 그럼 그 글의 타깃은 여자 중에서도 속편하게 살 수 있는 중산층 비장애인 시스헤녀 etc 아무튼 정상성 열심히 챙기는 여자들이겠거니 하는거지,0
2022-02-26,물론 ㅇㅈㅁ 뽑는 헤녀마음이 마냥 편하지 않다는건 알지만은 그럼 퀴어따리 여자 마음보다 불편하니 하고 한번 비꼬고 싶은거지 여자인권만 챙기면 맘편하게 살 수 있는 그쪽들이나 속편하게 찍으세요 하고,0
2022-02-26,츄카합니다 코리안싸이코 아주 나라 밖까지 ㅇㅈㅁ 대다나다,1
2022-02-26,ㅇㅈㅁ 상판이면 원래 나가던 계란도 회수,0
2022-02-26,누구를 뽑건 그거는 본인 선택이지만은 단순히 여성 문제만 가지고 특정 후보 뽑으라고 하면 골때리는 거지 시스헤테로 여성분들은 맘편하게 ㅇㅈㅁ 뽑으세요 라고 말할수밖엔,0
2022-02-26,이런 사람이니까 ㅇㅈㅁ을 지지하죠,0
2022-02-26,ㅇㅈㅁ 지지율 올라가니까 급했는지 천만원 준다는데 또 기억이 안난다고 하겠지,0
2022-02-26,ㅇㅈㅁ,1
2022-02-26,안보관은 윤이던데 레딧에서도 쳐 맞고 있던 ㅇㅈㅁ 부끄럽지않나,0
2022-02-26,ㅇㅈㅁ ㅇㅎㅊ ㅅㅇㄱ,1
2022-02-26,아 쟤도 심 쪽이었어요 겁나 지랄이 짜네요 ㅇㅈㅁ플러스에 괜히 걱정해서 의견 보냈나 싶을정도로 윤의 자위대 욕은 아무도 안하고 조팔 서럽네요,0
2022-02-26,ㅇㅈㅁ당이나 두눈 부릅뜨고 지켜보세요 선관위 당신네들 속이 훤히 들여다 보여요 자기가 한 말도 하지 않았다고 거짓말하는 치매환자 가 대통령이 되면 우리나라 망해요,0
2022-02-26,와이프가 ㅇㅈㅁ이 되면 이명박이고 ㅇㅅㅇ이 되면 박근혜라는데 그얘기 듣고 ㅇㅋ 나 맘 정했음,1
2022-02-26,ㅇㅈㅁ후보 대선토론 마지막에 수어로 여러분 사랑합니다 를 했는데 이후 이어진 음성언어에서도 사랑한다 는 말을 하는지 들어봤는데 없었다 왜 사람들이 사랑한다 는 수어를 남용 하는거같지 그냥 제일 쉽고 많이 아는 수어여서인걸까 아님 그렇게하면 농인 및 수어사용자들의 마음을 끌 수,0
2022-02-26,아니히발 ㅇㅈㅁ선거운동하는데 즈그어필을하는게아니라 ㅇㅅㅇ의 개멍청발언 대놓고까면서하네 이게맞아 ㅋ ㅆㅂ 쌍방으로저급하다,0
2022-02-26,그니까요 하아 정말 너무 무서워요 ㅇㅈㅁ이 되면 나라가 썩을 거 갖고 ㅇㅅㅇ이 되면 망할 거 같아요 어쩌다 이렇게,0
2022-02-26,투표소 안내문 왔는데 1 ㅇㅈㅁ 무고죄 변명 철회안함 2 투표소는 이전과 동일 3 문프는 하루라도 빨리 찍고싶어 조금 멀지만 사전투표 했는데 이번엔 당일 투표하기로,0
2022-02-26,ㅇㅈㅁ 본인은 관절이상으로 군면제 받았다면서 왼손이 너무나도 자유로움,1
2022-02-26,자기지역에 대형화재가 발생해 소방관들이 목숨걸고 불끄다 고립된 시간에 떡볶이나 처묵처묵한 주제에 남의 나라 대통령을 조롱하는 ㅇㅈㅁ,0
2022-02-26,갑자기 분위기 ㅇㅈㅁ,0
2022-02-26,나도 진짜진짜로 ㅇㅈㅁ이 너무 뽑기싫지만 윤되면 진짜 향후15년간 미래는 없는거임,1
2022-02-26,ㅇㅈㅁ과 ㅇㅈㅁ지지하는 것들은 선거에 눈이 멀어 저렇게 말하고 있다 인간이면 입에 담을 말이 있고 담지 못할 말이 있다 대통령 젤렌스키는 물론 젤렌스키를 뽑은 우크라이나의 국민들마저 비하했다 말 한마디 한마디 정말 생각없고 천박한 말 머리속에 오로지 권력욕밖에 없으니 입만 열면 저렇다,0
2022-02-26,검찰이 이미 확보한 자료라서 어제 서류 보따리 별 거 아니라던 ㅇㅈㅁ 지지자들 드디어 돌았나 싶더라 이재명 혐의 입증 증거가 검찰 손에 이미 있다는 건데 그게 기쁜가 보구나,0
2022-02-26,ㅇㅈㅁ 지지자들 수준입니다,0
2022-02-26,ㅇㅈㅁ도 개새끼인데 ㅇㅅㅇ은 상종도못할미친개씨발쓰레기새끼라서 결국은 내 손으로 ㅇㅈㅁ을 뽑아야 하는 이 상황이 너무 끔찍함,0
2022-02-26,그리고 ㅇㅈㅁ도 엄밀히 말하면 행정가지 정치 경험은 전무하지 않나 ㅇㅅㅇ과 비교해 우위를 선점하고 싶은 모양인데 이건 아니지 진짜 대선판을 바라보는게 정말 고통이야,0
2022-02-25,ㅇㅈㅁ 제발 정신차려 ㅅㅂ 제발 멀쩡히 행동하고 표좀 얻어보세요 ㅇㅅㅇ 좀 밀어내봐 ㅅㅂ,0
2022-02-25,전쟁의 원인을 우크라이나 대통령 탓 하는 ㅇㅈㅁ 지지자들의 댓글을 보고 어이 없었는데 그게 ㅇㅈㅁ의 기조네 허허 진짜 왜저래 아무리 본인을 홍보하고 싶다고 하더라도 이걸 이용해서 저렇게 발언하는게 적절하냐 정신차려 민주당아,0
2022-02-25,바름을 추구하는 문파들로 인해 ㅇㅈㅁ은 필패할 것,0
2022-02-25,전과4범 지지자가 성능과 지능을 논하다니 이슬을 먹어도 독을 만드는 독사같은 놈이 ㅇㅈㅁ 성능이 좋아 ㅋㅋ,0
2022-02-25,하근데 ㅇㅈㅁ도 아니 어쩜 이리 대선 후보들이 이렇지,0
2022-02-25,근데 그래도 ㅇㅅㅇ 보단 ㅇㅈㅁ이 나은거같음 대본 없어서 멍하니 서있는 사람을 뭐 믿고 나라를 맡김 뭔가 호두껍질같은데 속에 호두가 없어 알맹이가 없다고,0
2022-02-25,ㅇㅈㅁ 토론에서 또 망언했네 현 우크라 대통령 땜에 전쟁이 터져 국방비 줄여서 기본소득에 쓴다는 넘이 누구더라,0
2022-02-25,ㅇㅈㅁ도 싫고 ㅇㅅㅇ도 싫으면 누굴 뽑아야할가 터덜,0
2022-02-25,추 ㅇㅈㅁ 뽑으면 사방팔방 잡아먹힐 수도,0
2022-02-25,ㅇㅈㅁ 지지 패거리들 탈탈 털어야죠,0
2022-02-25,아니 꼴랑 대선후보주제에 저기 대통령을 조롱하는듯이 말하는게 정상인가 민주당이나 ㅇㅈㅁ은 절대 안됨,0
2022-02-25,이거 근데 연상으로 진짜 너무 좋겠다 대딩 ㅇㅈㅁ 고딩 나,1
2022-02-25,주제넘게 제가 한말씀 드리자면 ㅇㅈㅁ은 한때 만나던 여성의 삶을 송두리째 도륙을 했지요 형수님께는 입에 올리지 못할 쌍욕을 했구요 페미든 반페미든 억울하게 사람이 죽어나가지 않는 세상을 바라신다면 이재명을 찍지않으셔야 해요 원칙도 규칙도 없고 예측도 안되는 인간이 ㅇㅈㅁ입니다,0
2022-02-25,ㅇㅈㅁ에서 하이톤으로 웃었네요,1
2022-02-25,ㅃㄹㅈㅇ ㅋㅋㄷ ㅇㄹㅈ ㅇㅈㅁ ㅎㄹ,1
2022-02-25,ㅇㅅㅇ이나 ㅇㅈㅁ찍으면서 우크라이나 재통령이나 정부를 비웃는 건 너무 양심리스 아닌지,0
2022-02-25,ㅁㅇ ㅈㅈ ㄴㄹㅈㅅㄴ ㅂㅇㅅㅇ ㅁ ㄷㅎㄹ ㅎㅂㅈㅇ ㅇㅈㅁ ㅇㅍㄹ ㄷ ㅊㅎㅈㅁ ㅈㄱㅇㅇ,1
2022-02-25,전과4범보다는 코메디언이 낫고 검찰총장 출신은 훌륭하지 ㅇㅈㅁ은 친중친러잖아,0
2022-02-25,샘 ㅎ ㅎ 지만 ㅇㅈㅁ이 안되면 윤이 ㅋㅋㅋ 저 진짜 눈물을 머금고 이를,1
2022-02-25,미친척하고 ㅇㅈㅁ 뽑으려고 하다가도 들리는 주변 인물들 쌉소리 들으면 차게 식어간다,1
2022-02-25,한국 역사에 ㅇㅈㅁ은 치졸한 인간으로는 남겠죠,1
2022-02-25,ㅇㅈㅁ 마무리 발언 때 수어한거 좋았어,0
2022-02-25,ㅇㅈㅁ 많이 급하긴 급한가보네 ㅋㅋ심한테 엄청 구걸하네 ㅋㅋ하기사 조원진한테 전화로 구걸햇으면 말 다햇지 ㅋㅋㅋ근데 조원진이 꺼지래 ㅋㅋㅋ,0
2022-02-25,ㅇㅈㅁ 저러는거 보니 중선위 의심 스럽다,0
2022-02-25,ㅇㅈㅁ 죄목 죄과가 만 배 더,0
2022-02-25,ㅇㅈㅁ을 모르면 정치 1n년차 말하는 스킬에만 감동하며 멀쩡한 줄 알겠지 거짓말을 거짓말로 덮는 사람의 말로까지 제발 많관부 사람이면 부끄러움 느끼시라고,0
2022-02-25,ㅇㅅㅇ을 3년전 장례식장에서 본 기억이 난다 당시 추장관이랑 끊임없는 갈등 중이었는데 그때도 내 탐라는 그에 대한 욕으로 가득찼었지만 장례식장 사람들은 그가 입장할 때 박수를 쳤었다 ㅇㅈㅁ이든 ㅇㅅㅇ이든 그들이 뭔 짓을 하고 밝혀져도 이미 사람들은 누굴 찍을지 정해놨을 것,0
2022-02-25,아니 진짜어이없닼 ㅇㅈㅁ뇨 리터칭을 보면 분명 기붕이좋아야하는데 왜이렇게기분이나쁜거지,0
2022-02-25,ㅇㅈㅁ 스탠스 잘 몰고가네,1
2022-02-25,ㅇㅈㅁ 50 못 넘으면 결선투표하자 헐 미친ㅅㅋ 니가 할말이 아니지 않니 국민 내각 통합 내각 더민주 것들 내각제로 뭉친거 맞네,0
2022-02-25,귀로 토론회 소리만 듣고 있는데 ㅇㅈㅁ 얼굴 보기 싫어서 윤씨 목소리가 제일 듣기 편하네,0
2022-02-25,ㅇㅅㅇ ㅇㅈㅁ 두명만 붙으면 대선토론판 ㅈㄴ 추해지네,0
2022-02-25,ㅇㅈㅁ은 조금만 건들면 바로 지성격 나옴 오늘 유독 얌전 저자세다 싶었는데 오래 안가네 깐죽대는건 여전하고,0
2022-02-25,중국에 나라 팔아 먹을 ㅅㅋ ㅇㅈㅁ,0
2022-02-25,토론회 보면서 ㅇㅈㅁ이 우크라이나 얘기하는게 하나도 와닿지 않다 주가떨어진다고 했던 인간이 무슨 국민걱정 ㅇㅈㄹ,0
2022-02-25,힘을 말한다음 그 다음 원칙을 말하면 뭔 개소리고 ㅇㅈㅁ도 똑같은 얘기하네 저짝이 뭐 지도자가 멍청해서 글케됐냐,0
2022-02-25,ㅇㅈㅁ후보 오늘 안정적으로 논리적으로 말 잘하시고 있네요,0
2022-02-25,ㅇㅈㅁ 저는 ㅇㅅㅇ 후보님을 보면 정말 이상하다는 생각이 들 때가 있어요 몰라서 그러시는 건지 알고도 그러시는 건지 답변 좀 부탁드리고요 ㅋㅋㅋㅋㅋㅋㅋㅋㅋㅋㅋㅋㅋㅋㅋㅋㅋㅋ,0
2022-02-25,난 ㅇㅅㅇ도 ㅇㅈㅁ도 말고 ㅆㅈㅇ을 원해 점찍고나와주세요 ㅅㅂ,0
2022-02-25,ㅇㅈㅁ은 어릴 때 콩한쪽 나눠 먹었다는 친구가 안나옴,0
2022-02-25,혈육이랑 얘기하다가 요즘 스트레스 받는 일 있냐길래 생각해보니까 ㅁㅈㄷ이랑 ㅇㅈㅁ 때문에 계속해서 스트레스 받고 있었네 ㅅㅂ,0
2022-02-25,가짜뉴스체크센터 공동대표면 그 뉴스가 가짜인 지 아닌 지를 정밀하게 체크해야지 조중동 등의 ㅇㅈㅁ 까는 기사를 열심히 리틧하고 있네 ㅇㅅㅎ씨가,0
2022-02-25,내 이름은 ㅇㅈㅁ이 아니다,0
2022-02-25,ㅇㅈㅁ주변인물이 죽어 나가는대 댁이라면 언제 죽을지 모르는 상황에 가만 있겠냐 보험 하나는 있어야지,0
2022-02-25,원씨가 오늘은 ㅇㅈㅁ 과 민주당 반응 보려고 예고편만 깐 거지 뭐 워낙 범죄를 범죄로 덮으니 한번에 터뜨리면 다른 걸로 묻힐 테고 선거 전날까지 계속 내놓을 듯,0
2022-02-25,다음 대통령 ㅇㅈㅁ될 거같아서 신속히 성대모사 연습해야 됨,0
2022-02-25,ㅇㅈㅁ ㅇㅅㅇ 중에 차악이 존재하긴 하는 걸까,0
2022-02-25,가좍덜아 ㅇㅈㅁ찡 장애인정책에 대해 울 트친사마가 쓰신 명문이닉간 맴 오네가이데수,1
2022-02-25,엄마가 ㅇㅈㅁ 진짜 싫어하시는데 자세한 이유를 듣고 고민했으나 최근에 들은 ㅇㅅㅇ 측근 소식이랑 이 트윗 보니까 다시 마음 굳힘 백래시가 강해지고 있는 이 사태에 한남새기들이 더 활개치면서 여성분들이 고통받는 현실을 맞을 바에 차라리 현실적으로 공약 이행률 높은 괴물을 택하겠음,1
2022-02-25,내 몸값 성님의 몸값은 283693원 입니다 기업 511 011539 01 011 ㅇㅈㅁ 입금 ㅂㅌ,0
2022-02-25,ㅇㅈㅁ이 침 흘리겠네,0
2022-02-25,솔직히 ㅇㅈㅁ ㅇㅅㅇ 둘다 너무 막상막하로 별로,0
2022-02-25,ㅇㅈㅁ 성남시장 했을 때 성남인구 98만 용인인구 87만 이었고 수원 고양에 이은 경기 빅3는 당연히 성남차지인 줄 알았는데 용인이 추월하고 이젠 화성시에도 추월당할 각 #성남93만 #화성88만,0
2022-02-25,ㅇㅈㅁ 시장하고 인구가 점점 줄면서 100만 특례시에서 멀어지니까 나온게 행정수요 100만 용인 수지같은 곳은 여권 만들려고 용인시청 가려면 멀어서 인근 수원이나 성남으로 가고 그런 업무 때문에라도 100만 특례시 권한을 달라며 땡깡 부렸는데 결과는 이젠 수지구청에서도 여권발급,0
2022-02-25,막산이 ㅇㅈㅁ,0
2022-02-25,ㅇㅅㅇ은 강행군으로 살이 좀 빠진 거 같은데 ㅇㅈㅁ은 배가 점점,0
2022-02-25,윤석열의 좋은점을 찾아가니 보이고 또 우리가 생각했던 이상의모습들이 보이네요ㅎ 우리같이 더 노력해봐요 지금 ㅇㅈㅁ쪽은 최대의 발악을 할테니까요,1
2022-02-25,ㅇㅈㅁ 대선후보 등록으로 돌이킬 수 없는 상태가 되면 저쪽에서 무언가를 깔 거라 예상은 했는데,0
2022-02-25,오늘아침 수업준비전 윤석열ㅇㅈㅁ다 싫다는 친구랑 40분을 통화로 열변을 토했다 둘다싫으면 ㅇㅈㅁ 나쁜건아니까 윤석열좋은점을 찾아보라고 지역연설 미담등 보내줬다 선거끝나고의 후회는 늦으니 최선을 다해 영업해야한다 62 37의기적을 아니까 다시 온힘을 다해 최선을 다하자 다짐한다,1
2022-02-25,국방비도 줄이고 사드도 없애고 미군도 철수시키자는 ㅇㅈㅁ이는 전쟁나면 제일 먼저 중국으로 도망가겠지,0
2022-02-25,와 유튜브에서 ㅇㅊㅅ 후보랑 ㅇㅈㅁ 후보 대선 토론 영상 나와서 한 번 보는데 진짜 체증이 쏵 내려간다 이게 토론이지,0
2022-02-25,이번 토론에는 윤씨가 뭘 들고 나올까 ㅇㅈㅁ 엄청 불안하겠다 원희룡이 내용을 다 까지 않은 건 미리 알면 대비하고 나올까봐 그런 거겠지,0
2022-02-25,오늘 대선 tv 토론인데 ㅁㅅㅇ가 나와서 뭐라 할까 그전에 ㅇㅈㅁ이 나오기나 할까 하루 종일 설레이네ㅋ,1
2022-02-25,이제 ㅇㅈㅁ 상도 나오나요 나오면 나 울어,1
2022-02-25,와 우크라이나 기사 보는데 사람들 그러니까 대통령 잘 뽑았어야 한다며 ㅇㅅㅇ 같은 사람 뽑아서 안된거래 아니 저게 전쟁 피해국에 할말이야 아무리 ㅇㅈㅁ 지지하고 올려치고 싶어도 저건 아니지 않나,0
2022-02-25,민주당 국회의원들은 전부 ㅇㅈㅁ 닮아가고 민주당 국회의원 부인들은 전부 혜경궁 닮아가고 참 대단하다 민주당,0
2022-02-25,ㅇㅈㅁ이라면 윤석열로 읽겠죠ㅋㅋㅋ,0
2022-02-25,그래서 ㅇㅈㅁ이나 ㅇㅅㅇ이나 둘 다 짜증나는건 마찬가지이지만 딱히 놀랄 일은 아니고 너무 현실의 한국을 반영한 결과물이다라고 생각함,1
2022-02-25,ㅇㅈㅁ 몸에 붙어있는 것 중 내 눈에 보이는 건 다 짧고 몬생입니다 이런 사람 드문데 말이죠ㅋㅋ,1
2022-02-25,오늘 원희룡 기자회견 고속도로 배수관에서 발견된 서류뭉치는 ㅇㅈㅁ 독대해서 대장동 결재 받아온 사람이 정민용이라는 사실을 뒷받침하는거네요,0
2022-02-25,ㅇㅈㅁ은 성남시장 시절 뭐든 지 뜻대로 안되면 엎고 그거 다 국짐 당시엔 한나라당 때문이라고 떠넘기는 버릇이,0
2022-02-25,정민용이 고속도로에 투척한 서류뭉치가 발견되는 대형 이슈가 터지긴 했지만 이건 후보들 지지율에 크게 영향을 주지 못할 거 같음 저 모든 사실에 귀를 막고 ㅇㅈㅁ을 바라보는 이들이 너무 많기 때문 좁혀진 격차를 해소하는 길은 윤 안 단일화 밖에 없을 듯,0
2022-02-25,이 구호 좋네요 윤석열로 모두 뭉쳐 서로 도와 선거하면 ㅇㅈㅁ은 감옥에 감,1
2022-02-24,가증스러움과 사악함에 레벨이 있다면 ㅇㅈㅁ은 탑 클라스다 역겹다,0
2022-02-24,이번에는 사전 투표 보다 당일 투표 권장이 더 좋다고 합니다 부정 선거 될 가능성에 대비해 이시대에 부정 선거 걱정까지 하게 만든 ㅇㅈㅁ 고꾸라 졌음 좋겠다 하늘도 무심하시지,0
2022-02-24,극문 똥파리ㅋ ㅇㅈㅁ민주당은 민주당 권리당원 또는 지지자들이 전과4범을 선택하지 않는다고 신천지 수박 똥파리 등 온갖 멸칭을 쓰더니 이제는 극문똥파리ㅋ 솔직히 썩은 를 사라고 강요하는게 부끄러운거지 2022년 20대선거 포인트는 탈진영 2번에는 윤석열,0
2022-02-24,곰곰히 생각해보니 ㅇㅈㅁ은 월급타서 ㄱ한테 안주나 제돈은 안주고 법카 가지고 쓰고 관용차에 비서까지 다 세금으로 주는건가 지독한 자린고비네,0
2022-02-24,어짜피 대통령은 ㅇㅈㅁ 무슨확인이신짘ㅋㅋㅋㅋㅋㅋ,0
2022-02-24,정권교체 해야하니까 당명을 빼고 ㅇㅈㅁ 라고 한거구나 ㅋㅋㅋㅋㅋ 이 족같은 민주당 표를 얻기위해서라면 폐륜도 매국도 나의 편 그저 쓰레기,0
2022-02-24,솔까 ㅅㅅㅈ 당선 가능성이 희박하니까 ㅇㅅㅇ 당선 안되게 하려면 걍 ㅇㅈㅁ을 뽑는게 나을것같기도함,0
2022-02-24,ㅇㅈㅁ 이 유비 라는 것도 웃기네요 유비는 근본이 선하고 백성을 아끼고 낮은 자세로 남의 말을 경청 할 줄 알죠 굳이 찾아보면 황건적 일당 같아 보이긴 하네요,0
2022-02-24,삼국지에 나온건 다 했네요 도원결의 ㅇㅈㅁ 의 관우 장비,0
2022-02-24,저는 ㅅㅅㅈ후보가 좋아요 ㅇㅈㅁ 후보 공약도 뭐 살펴보니 나쁘진 않고 현실적인 공약이더라고요,1
2022-02-24,남자들 남혐 오지더라 ㅇㅈㅁ 갤러리에서 펨코남들 보고 육수가 흐른다고 하는데 기절함 저기여 난 그 정도까지 남혐은 안 했거든요 ㅋㅋㅋ,0
2022-02-24,ㅇㅈㅁ 짤,0
2022-02-24,ㅇㅈㅁ 우크라이나 연설 진짜아니지않냐 한나라를 이끌어가겠다고 나온사람이 무슨소리를 하고있는거냐고,0
2022-02-24,엄마랑 정치얘기하는데 엄마는 완전히 ㅇㅈㅁ 파고 나는 ㅅㅅㅈ 그치만 ㅇㅅㅇ이 싫어서 결국 ㅇㅈㅁ을 뽑겟지,0
2022-02-24,ㅈㅉ ㄸㄱㅇㄱ ㅈㅂㄷ ㄴㅇㄱ ㅁㅇㅅ ㅅㄷ ㅇㅈㅁ ㅇㅈ ㄱㅇㅇㅅ ㅆㄱㄹㄴ ㄱㄹㄷ ㄱㄹㄱ ㄱㄹㅅ ㅂㄷ ㄱㄹㄱ ㄴㅁ ㄱㅇㅇㅅㄱ ㅊㅎㅇㄴㄷ ㅇㄹㄱㄲㅈ ㅎㄴㄷ ㅈㅇ ㅊㅎㅈ ㅈㅅㄱㅈ ㄱㄷㅎㄱㅅㄴㄷ ㅎㅎ,1
2022-02-24,ㅇㅈㅁ 목걸이 디자인 다른거 아님,0
2022-02-24,최악으로 ㅇㅈㅁ이 당선된다 치자 그게 왜 철수 탓임 해괴하다 민주주의 국가에서 왠 행동통일을 요구하나,0
2022-02-24,찢빠들 ㅇㅈㅁ 음주운전 벌금전과 자기도 음주운전으로 내봤다며 실드 치는데 그쪽이 낸 건 범칙금,0
2022-02-24,ㅋㅋㅋㅋ지금 지인들이랑 내가 이손으로 ㅇㅈㅁ을 이런상태에요,1
2022-02-24,ㅇㅈㅁ ㅇㅎㅊ이요,1
2022-02-24,ㅇㅈㅁ이 되면 상상가능한 우리 미래,1
2022-02-24,나도 ㅇㅈㅁ 좋아하진 않는데 존나 ㅋㅋㅋㅋㅋㅋㅋ 편집을 이따구롴ㅋㅋㅋㅋㅋㅋㅋㅋㅋ ㅇㅅㅇ 유세현장에서 학생들 팬주제에 말이 많아,0
2022-02-24,ㅇㅈㅁ 또 왜 개쓰레기발언하고 있어 가만히있어 가만히있으면 반이라도 가는데 왜또 쓰레기발언을해서 다들 개ㅂㅅ뽑게 유도해,0
2022-02-24,우리집 콘크리트 지지층들이 여자들이 소신투표 포기하고 ㅇㅈㅁ찍어도 ㅇㅅㅇ이 될 거라 확신하던데 그 확신을 깨부숴주고싶다 저새기만은 꼭 막아야한다,0
2022-02-24,ㅇㅈㅁ ㅇㅈㅁ # #,1
2022-02-24,ㅇㅈㅁ이 제보하고 검사 사칭 가이드 까지 해 놓고 지는 억울하대 PD가 당한 거나 마찬가지네,0
2022-02-24,저런일은 민주당ㅇㅈㅁ 지지자들중에도 존나많음,0
2022-02-24,리 울나라에서 사칭죄의 정식명칭은 공무원자격사칭죄일 정도로 요건이 ㅈㄹ 까다롭기로 악명 이 높은데 ㅇㅈㅁ은 그걸 해냈음,1
2022-02-24,리 이명박근혜도 후보땐 조신 했는데 ㅇㅈㅁ은,0
2022-02-24,리 프레스 사고로 넥타이로 제대로 못 맨다는 왼팔을 번쩍 들어올리고 주먹을 불끈 쥐는 것 하나로도 ㅇㅈㅁ은 글렀음 제 몸으로 구라치는 놈이 뭔 구라를 못치겠음 와이프랑 연애할 때 키 몇센치 속인 죄 로 지금까지 바가지,0
2022-02-24,검사사칭 당시 PD가 현직KBS PD였구나 그 동안 ㅇㅈㅁ이 계속 거짓말하는 꼴을 보면서 얼마나 분통 터졌을까 싶네 ㅇㅈㅁ 지는 억울하게 엮인 것처럼 마치 PD가 주모자인 것처럼 떠들다가 급기야는 선거공보물에까지 거짓말을,0
2022-02-24,ㅇㅈㅁ 배수도 일단 일러가 매우잘뽑혀서 용서가능 의상자체는아쉽지만 나쁘지는 않습니다 저 그냥 만족충이네요,0
2022-02-24,사람들이 모르리라 생각하고 막 던지는군요 계곡정비 가로채기 하다 망신 당하고 분풀이로 부당한 감사까지 한 전직 도지사 ㅇㅈㅁ 대통령이 되기엔 너무나도 부끄러운 후보 입니다,0
2022-02-24,이건 김대중 노무현 대통령의 정신을 져버리고 종합범죄자 인성파탄자 ㅇㅈㅁ을 불법 사사오입으로 대선후보 만든 민주당 의원들 때문이다,0
2022-02-24,주가나 경제 어쩌고 하면서 말하는거긴 한데 헤드라인은 전혀 방향이 다르잔아 ㅋ 딱히 ㅇㅈㅁ이 좋은건 아니지만 저건아니잔아 쫌,0
2022-02-24,심지어 ㅇㅈㅁ후보는 정책이 없다 ㅇㅅㅇ후보를 다 따라하고 있다 고 함 이 사람 엑스맨이야 진짜 정의당에 왜 있지,0
2022-02-24,앵커가 진중권한테 ㅇㅅㅇ보다도 ㅇㅈㅁ을 비판한다는 의견들이 많은데 어떻게 생각하냐고 물으니 ㅇㅅㅇ후보에 대해 기대했던 바가 있기도 했는데 그 기대에서 멀어졌다,0
2022-02-24,탈당해 국힘으로 가야합니까 민주당의뿌리는 누가 지켜내고 재건하죠 ㅇㅈㅁ의 카르텔들 당장악하게 당을 버려야 배신이 아닌거 문파들 고소고발 캠프의 의원들 향후거취 그리고 진짜민주당을 지키려 전략적 인내중인거 안보이시나요 그분의 소명과 역할 그 큰뜻에 비난과 손가락질 멈춰주세요,0
2022-02-24,민주당 선거 홍보 관련자에게 조심히 한마디만 하자 옷이랑 차량 디자인 누가 했나 손고모는 아닐거라 확신한다 디자인 비전문가인 내가 봐도 아니다 ㅇㅈㅁ 풍선같은 디자인을 뭐하러 넣은거야 시선이 분산되어 후보에게 집중이 안 돼,0
2022-02-24,우리집 남혈육표 한개 방어할려면 ㅇㅈㅁ을 찍어야한다는게 너무 좃같음,0
2022-02-24,ㅇㅈㅁ 발언 어쩔 거야 진짜 지친다 이게 대선이라니,0
2022-02-24,ㅇㅈㅁ 우크라이나는 우리랑 아무 상관없다 나 거기사는 고려인 후손들은 남이라는 거구나,0
2022-02-24,밖에서 1번 ㅇㅈㅁ이 어쩌고 무슨 선거유세차량같은거 지나가는거같음 여기 주택간데,0
2022-02-24,무식한 사람이 누군지 나는 알아요 ㅁㅅㅇ ㅇㅈㅁ,0
2022-02-24,무슨 쌉소리 막산놈이 아니죠 어머 찢어버릴 찢빠셨구나 저 극문똥파리에요 어쩌다 그런 범죄자놈을 인성도 빻은 개잡놈을 자식은 꼭 ㅇㅈㅁ닮은놈으로 키우세요,0
2022-02-24,최악보다 차악 뽑자는 거자너 누가 ㅇㅈㅁ도 ㅂㅅ인 거 몰라서 안 뽑냐 표 나뉘면 ㅇㅅㅇ 된다고,0
2022-02-24,ㅇㄷㄴ ㅈ ㅂㅂㅇ ㅇㄴ ㄱㄹㅎㅅㅇ ㄷㅂㅂ ㅎㅈ ㄴㄱㅈㅅ ㄱㅁㅇㅅ ㅂㅇㅇㅇ ㅇㅇㄹㄷ ㄱㄹㅈㅅㅁ ㄱㅅㅎㄱㅅㄴㅈ ㅈㄱㅇ ㅁㅇ ㅇ ㅊㅎㄷㄱ ㄴㄲㅅ ㅅ ㅇㅈㅁ ㅈㅉ ㅇㅂㅇㄴ ㅊㅎㅈㅂㅈㄱㅇ,1
2022-02-24,ㅇㅈㅁ이 하는 말을 믿으면 호구,0
2022-02-24,그렇게 ㅇㅈㅁ 지지 흘리고 다니더니만,0
2022-02-24,와이프 오빠는 ㅇㅈㅁ이 왜 싫어 나 난 본인 길이 근수 속이고 다니는 사람과는 겸상 안한다 와이프 근데 오빠도 19n이면서 190이라고 나 속였잖아 나,0
2022-02-24,ㄱㅇㅅ 배우님 오랜 인연인데 ㅇㅈㅁ 지지하시는 거 알고 있었다 그땐 내가 ㅇㅈㅁ 너무 싫어할 때라 천박한 사람 지지하는 거 못마땅했는데 ㅇㅈㅁ도 좋은 면 찾아보니 나쁜점 이해도 하게 되더라 이제 한마음이니 대통령 가즈아,1
2022-02-24,찢빠 ㅇㅅㅇ은 과반 아닌데도 후보로 확정 되었는데 왜 ㅇㅈㅁ한테만 ㅈㄹ이야 문빠 거긴 결선투표제가 없어 등신아,0
2022-02-24,리 ㅇㅈㅁ은 노무현과 대립하던 정동영 칼잽이,0
2022-02-24,선생님 진심으로 묻는 것인데요 선생님은 ㅇㅈㅁ이 누굴 공격할 것을 걱정하시는 건가요 선생님과 친구분들을 말씀하시는 건가요 저는 윤석열이 공격할 절대 다수의 소수자들과 여성 그리고 문대통령을 걱정하는데요,1
2022-02-24,ㅆㅂ ㅇㅈㅁ,1
2022-02-24,이렇게까지 했는데 만약 ㅇㅈㅁ을 못 막으면 대통령 되고 가만 있을까 저 성정에,0
2022-02-24,ㅇㅈㅁ 싫다면서 그래도 어떻게 국짐을 찍어 이것이 제 주변 정서 윤후보 홍보하면서 이제 진영에서 벗어나자 경상도 욕하던거 우리가 하고 있다 막판에는 그냥 애고 나를 믿어달라 읍소,0
2022-02-24,ㅇㅈㅁ 안 사요,0
2022-02-24,ㅇㅈㅁ이 기존의 ㅁㅈㄷ과 결이 같다고 생각하는것인지,0
2022-02-24,ㅇㅈㅁ 경선 때 쓴 스타일링 8천 뉴스를 보던 와이프 그 돈이면 키도 늘릴 수 있는데,0
2022-02-24,사사오입 불법으로 ㅇㅈㅁ을 대선후보로 만든 네 놈 입으로 결선투표제를 얘기해,0
2022-02-24,저기 꼭 모니터링 결과좀 심히 궁금합니다 불휘기픈 민주당파가 ㅇㅈㅁ 커버치는거 맨날 구경중인데 이제 좀 식상해져서 재미없어져서요,0
2022-02-24,Yes 어제도 봣어도 또 봐야함 샄후마 ㄹㅊ 센아 ㅇㅈㅁ랑 사귐,1
2022-02-23,신문에 다 자란 괴물과 덜 자란 아이란 비유를 ㅇㅈㅁ 과 ㅇㅅㅇ 에 대해 했고 부모님은 너무 맞는 말이라며 ㅇㅅㅇ 을 뽑겠다는 말에 한숨 환갑이 덜 자라긴 뭐가 덜 자라 하고 싶은 말 오조오억개지만 어짜피 설득할 수 없고 집안 싸움만 될 걸 알기 때문에 꾹참는 어른이 됨,0
2022-02-23,재활용해서도 안되는 쓰레기 광고 ㅇㅈㅁ,0
2022-02-23,근데 공약은 ㅇㅈㅁ이 낫던데 뭐냐 재난지원금 추가로 주지않앗나 경기도 근데 미래예산 끌어당겨서 빚이라고 욕 존나 쳐먹고 ㅇㅅㅇ은 어떻게 총장됏나싶을정도로 꽃밭같음 사시9수해서그런가,0
2022-02-23,ㅇㅅㅇ은 처음이잖아 ㅇㅈㅁ도 처음 인가 뭔가 하도 나대서 너무 익숙함 아 자꾸 ㅇㅈㅁ은 조폭그거랑 뭐더라 니 구멍에 그거 영상 ㅅㅂ 너무 티엠아이라서 돌겟네 안 궁금햇는데,0
2022-02-23,그건요 ㅇㅈㅁ을 한 5 6년 추격하다보니 죽었다 깨도 저놈은 안되는거 그리고 Moon파는 ㅁㅈㄷ지지가 아니라 Moon만 지지,0
2022-02-23,ㅇㅈㅁ 뽑지말라던데 서울친구인데 왜그러지 경기도지사 아녀,0
2022-02-23,박주민 같은 이가 김대중 대통령 생가를 방문한 윤석열 후보를 깎아내리는 이유 민주당 정신이 민주당에 없기 때문 정답이라고 생각합니다 흉악한 종합범죄자 ㅇㅈㅁ을 옹호하느라 양심따위 진작에 쓰레기통에 버렸거든요,0
2022-02-23,선관위는 왜 있어 ㅇㅈㅁ보호하라고 있는거야,0
2022-02-23,급하니까 없든 일도 거짓말로 소문 퍼트리는 ㅇㅈㅁ 패거리들 거짓말 사기꾼들,0
2022-02-23,ㅇㅈㅁ 지지자들은 이제 사실 기사가 나가도 꼭 알아야하냐 고 댓글다네 ㅅㅂ 왜 하냐,0
2022-02-23,이제 진보는 당분간은 개점휴업 상태가 될 테고 설령 휴업을 멈추고 새출발을 한다고 해도 국민들의 의심어린 눈빛을 각오해야 될 게다 이 모든게 ㅇㅈㅁ 같은 쓰레기 정치인을 민주당이 대선후보로 내세우며 자초한 일이다,0
2022-02-23,그래서 아제마는 뽑으면 조은거 아닌가 이러고있었음 근데 그 ㅇㅈㅁ가 아녔음을,0
2022-02-23,뇽 ㅇㅈㅁ이라해서 아제마인줄 알았는데 이재명이네 아 ㅅㅂ,0
2022-02-23,남의 것에 숟가락 얻기 세금으로 초밥 10인분 소고기 사기 법인카드 유용하기 세금 슈킹슈킹 옆집에 리틀ㅇㅈㅁ 숙소 만들어주기 형수한테 쌍욕하기 했습니다 이렇게 썼어야지,0
2022-02-23,ㅇㅈㅁ인 지 미테 놈이 일원 한 분도 빼벅지 몬하게 할 놈임 금마는 사패 임 제가 보는 관점 아마 회수 했을 듯,0
2022-02-23,와이프 선거공보물 읽는데 ㅇㅈㅁ 전과기록 무고 공무원사칭 음주운전 특수공무집행방해 ㅇㅅㅇ 전과기록 없음,0
2022-02-23,아니 이거진짜 초딩같은발언이규 어이없는말인거아는데 윤ㅅ열이랑 이ㅈ명 뭔가 서로 이름이 바뀌어야지더어울림 윤ㅅ열의 얼굴엔 ㅇㅈㅁ이라는 이름이 어울리고 ㅇㅈㅁ은 뭔가 이름이 윤ㅅㅇ일것처럼생김,0
2022-02-23,김서구 텐션 오르면 추진력 ㅇㅈㅁ 저리가라임 이런말 ㅈㅅ 하지만 정말 그런모드임 나 김석우 아무도 나를 막을순 없으셈,0
2022-02-23,유력한후보래서 ㅇㅈㅁ ㅇㅅㅇ얘긴줄알앗는데 포니테일이라니,1
2022-02-23,너무나 자연스럽게 거짓말을 잘 하니 전후 사정을 모르는 사람은 ㅇㅈㅁ을 믿습니다,0
2022-02-23,사실 나도 ㅇㅈㅁ ㅋㅋㅋㅋㅋ그래도 눈치는 보는 거 같아서 흔들리긴 하는데 내가 또 ㅅㅅㅈ님 대가리 박겠습니다 하고 싶지 않아서 ㅋㅋㅋㅋㅋㅋ 제가 ㅅㅅㅈ 뽑아서 ㅇㅅㅇ 되면 시위하러 갈게요 불법시위라도 할게,0
2022-02-23,진짜 초유의 대선이죠 어후 국격 떨어지는 소리가 들립니다 윤이 여조에서 우위였는데 이준석이 트롤링 잘 해주고 있던데요 ㅇㅈㅁ은 부인이 직원들 법카로 자기 초밥 산거 까발려지고,0
2022-02-23,난 흙수저 출신 ㅇㅈㅁ은 호감인데 고생했고 일 잘 함 그 당은 오히려 비호감 성폭력에 부드러움 자기편이면 너무 부드러움 별 짓을 다 함 피해자를 두고서,0
2022-02-23,이번주 토론에서 기축통화국 발언 했다가 개쳐맞고 있잖아요 ㅋㅋ 유식한척 하다가 꼴 좋네요 ㅇㅈㅁ 너무 싫어해서 다굴 당하는 모습이 아주 보기 좋습니다,0
2022-02-23,더랲 저분은 2018년부터 ㅇㅈㅁ 엄청 싫어했어요 근데 민주당이 사사오입해서 결선 뭉개고 ㅇㅈㅁ 밀어준것도 있고 현근택 저격으로 꼭지가 돌아버린것도 있어요,0
2022-02-23,와 진짜 사람에대한 최소한의 존중도 없는 갸이놈 국제 ㅇㅈㅁ 왈 조작한거죠,0
2022-02-23,엉엉 울애기 ㅇㅈㅁ,1
2022-02-23,소수자 분들의 선택 어느쪽이든지 지지합니다 차별금지법 찬성하고요 ㅇㅈㅁ 되면 다시 ㅁㅈㄷ당원 가입해서 열심히 글 쓸께요 미안해요 진짜,1
2022-02-23,진짜 윤석열 이준석의 여혐에 열 받아서 ㅇㅈㅁ으로 투표하자고 목소리 내다가도 이런 거 보면 진짜 기운빠진다,0
2022-02-23,ㅇㅈㅁ은 알까 내가 멘탈이 박살나는 와중에도 당근에서 구한 설거지 알바맨에게 다시 채팅을 해서 대선 지지 후보 성향을 확인하고 재봉틀 수강생이었던 20대 친구에게 오랜만에 메세지 보내서 여혐하는 후보는 안된다고 오지랖을 떨고 있다는 걸 진짜 당신땜에 꼰데오지랖아줌마다됨,0
2022-02-23,전번이 어디서 간건지 ㅇㅈㅁ지지하는 카톡방에 불려가있 놀래서 얼른 나왔다,1
2022-02-23,아네뭐 어차피 우린 뭐 시민도 아니죠 솔직히 ㅇㅈㅁ이든 ㅁㅈㅇ이든 기대 1도 없고요 대통령이나 되는 직책에 앉은 사람이 성소수자 적극적으로 죽이지 않는 걸 칭찬해야 할 점임 한국은 이미 UPR 초기부터 성소수자 인권 젠더의제 해결하라고 비판받아온 국가고 그걸 무시하는 거 일 안 하는거지,0
2022-02-23,뉴스에서 ㅇㅈㅁ 목소리 듣다가 티비를 껐다 하아 그 누구도 맘에 안드니 ㅇㅅㅇ은 왜 자꾸 유세하면서 주먹을 위로 푸는 제스쳐를 취하는가 그러면 꼭 배가 보여서 눈 버린다,0
2022-02-23,나두 아 나 그래서 ㅇㅈㅁ 뽑으러 가야 하나봐 원ㄹ 심을 뽑으려 했는데 윤이 덜컥 될가봐 ㅋㅋㅋㅋㅋㅋㅋㅋㅋㅋㅋㅋ미치겟어 스트레스야 훌적,0
2022-02-23,리 솔까말 17년 대선 때 정동영은 국내산 육우라 알면서도 적당 히 먹어줬는데 ㅇㅈㅁ은 먹기만 해도 도핑에 걸릴지도 모른다는 중국산,0
2022-02-23,며칠 전에 은행 갔는데 거기는 ㅇㅈㅁ 뷰더라,0
2022-02-23,오늘 모 후보 유세트럭을 봤는데 본인 공약은 어디가시고 ㅇㅈㅁ 때리기만 하시나요,0
2022-02-23,사법부 판사들 빡쳤겠는데 ㅇㅈㅁ 너는 에누리없이 판결 받겠다 꽤 오래 나랏밥 먹겠어 최소 10년 이상 본다 ㅋㅋ,1
2022-02-23,ㅇㅈㅁ은 그 자신도 문제지만 가족도 지지자도 그 주변 인물들도 다 문제네요,0
2022-02-23,ㅇㅈㅁ ㅇㅈㅁ은 오지명이다 오지명은 허경영 지지한다더라 ㅋ,0
2022-02-23,내 탐라는 이꼴을 보면서 내가 ㅇㅈㅁ을 찍어야하는가로 넘실거림 아니 사회는 점진적으로 진보한다면서 왜 사람들은 퇴보하냐,0
2022-02-23,단골식당에서 가격올리고 양줄이는 건 참아도 원산지 속이는 건 못참듯 60년 전통의 민주식당에서 ㅇㅈㅁ 같은 원산지불명의 존재를 내놓으니 뼈민 와이프도 요즘 엄청나게 갈등 중,0
2022-02-23,천주교위원회라는 곳에서 ㅇㅈㅁ뽑으라고 매일 이메일을 보내고 있어서 쫌 그러하다 혹시 몰라 수신거부 안하고 있었는데 이젠 참을 수 없숴 석10이를 위한 어쩌고였음 바로 전화해서 개인정보 어디에서 수집한 건지 따지고 싸웠겠지만,0
2022-02-23,뇨테로 100분 토론 이즘희남 마꼬토녀편 마꼬토녀는 거유임 원본보다 47291003배정도 짭ㄹ친같음 연성을 보다보면 ㅇㅈㅁ를 메우고싶음,0
2022-02-23,어차피 님들은 내가 뭐라고 애원해도 심 뽑을 걸 압니다 네 뽑으세요 제가 뭘 어쩌겠습니까 다만 지금 하고 있는 오로지 ㅇㅈㅁ 때리기가 본인들한테 도움이 되는지를 좀 생각해보세요,0
2022-02-23,ㅇㅈㅁ 진짜 절대 안 찍어,0
2022-02-23,ㅅㅂ 실트 ㅇㅈㅁ 게이트는 또 먼 진짜 이번 찍을 후보가 ㅅㅅㅈ 후보 밖에 없는데 싶다가도 그 새끼 될까봐 무섭고 아오 둘이서 뭐하냐고 누가 더 등신인가 싸우는 거냐고ㅋㅋㅋㅋㅋ 이야 나라 망했다 연금이나 됐음 좋겠다 숨만 쉬고 살게,0
2022-02-23,ㅇㅈㅁ ㅇㅎㅊ ㅇㅅㅁ ㅅㅇㄱ ㅈㄱ ㅊㅁㅇ ㅂㅈㅁ ㅌㅇㅈ ㅈㅈㅇ ㅇㄷㅎ ㄱㅅㄲㄷ 전부,0
2022-02-23,하나부터 열까지 너무 맞말이라 ㅇㅈㅁ 찍어야하나 고민했던 내가 부끄러워짐,0
2022-02-23,난 MB랑 ㅇㅈㅁ 둘다 싫어하지만 학생운동하다 생긴 전과는 좀 빼줘야 하지 않나 생각함 그리고 MB는 학생운동하다가 전과 생겼는데 노조 와해공작하다가 전과가 더 생겼으니 괘씸죄로 가중처벌을,0
2022-02-23,이재명 기축통화국 내가 하자고 한 것 아냐 수습 진땀 다음뉴스 실수를 인정 할줄 모르는 간장종지 같은 ㅇㅈㅁ,0
2022-02-23,내 주변 친구들은 반응이 대체로 ㅇㅈㅁ 뽑으면 한국 망함 ㅇㅅㅇ 뽑으면 망하긴하는데 덜 망함 ㅇㅊㅅ 제일 평타인데 ㅇㅈㅁ을 막기 위해 ㅇㅊㅅ 대신 ㅇㅅㅇ을 뽑아야함 ㅅㅅㅈ 애초에 논외 인거 같아,0
2022-02-23,현대통령과 같은 당 후보를 뽑는 건 정권연장 심리가 작용해야 하는데 ㅇㅈㅁ은 그 기준으로 보면,0
2022-02-23,제가 새로 팔로우한 분 탐라를 보다 문프에 대한 비판을 상살해서 문프의 각성이 없다는 내용이었어요 거기 달린 댓은 좀 ㅇㅈㅁ 지원이라는 심한 내용도 있던데 너무 하신다 싶어요,0
2022-02-23,그러게 말입니다 ㅇㅈㅁ 말대로 대장동게이트 몸통이 윤석열이면 고 김문기 님 유족들이 제대로 진실을 밝힐 수 있도록 기자회견 환영해 줘야 하는데 민주당은 왜 막으려 했을까요,0
2022-02-23,제 주변에 ㅇㅈㅁ지지자 한 명이 내가 그 펀드에 큰 돈 투자할라다가 마감되어 못했다면서 두고두고 속상해 했어요 그걸 투자해서 폭망해야 다시는 ㅇㅈㅁ 이름도 안꺼낼텐데 아쉽네요,0
2022-02-23,ㅇㅅㅇ이 본디 배운집 자식인지라 그런 집 자제들은 머릿속에 생각이 올바르게 박혀있지만 ㅇㅈㅁ은 출신부터 글러먹었고 소위 양아치 라고요 이 분은 바이든도 투표 조작으로 당선됐다고 믿는 분이에요 너무 신경쓰지 마세요,0
2022-02-23,조철봉씨 파파괴 진짜 다르 긴 ㅇㅈㅁ 이네요,0
2022-02-23,연애를 무상으로 하는 남자나 여자는 그냥 뻔뻔하고 치졸한 군상이다 ㅇㅈㅁ이 그렇네요 친구끼리 만나도 식사 커피 번갈아 내는데,0
2022-02-23,ㅇㅈㅁ 진심 솔직히 실물보다 잘 나온듯 백총님의 젠틀함 정말 못말립니다,0
2022-02-23,ㅇㅈㅁ ㅂㅈㅁ ㅇㅁㅎ ㅅㅇㄱ ㄱㅇㅁ 넘 많은데여,1
2022-02-23,ㅇㅈㅁ 왼쪽 손목논란도 엑스레이 한장이면 바로 검증되는데,0
2022-02-23,ㅂㄹㄹㄱ ㅂㄹㄱ ㅇㅈㅁ ㅇㅈ ㅈㄴㄹㄱ ㅂㄹㅇ ㅎ ㄱ ㄱㅇ ㄱㅂ ㅇㄸㄱ ㅎㄲ ㅇㄸ ㅇㄹㅇㄹ ㅂㄹㅇ ㄷ ㅇㅃㄱ ㄱㅇㅇㅈ ㄱㅁㅈㅇㅇ,1
2022-02-23,기후활동가 1000 ㅇㅈㅁ 지지선언 준비하는거 잔짜 역겹네 아닌척 하더니 이젠 대놀고 그러는 구나 일부 시민단체들 때문에 정말 괜찮은 시민단체 와 활동가들이 동시에 욕 먹믄 거야 진짜 진영논리 눈 멀어서 보이는 건 없고 아닉 나 지들 이익 위해서 구나,0
2022-02-23,진짜 ㅇㅈㅁ 당 애들 욕나게 만드는데 재주있네요,0
2022-02-23,ㅇㅈㅁ 못뽑겠다고 하는 사람에게 저주를 퍼붓는ㅇㅈㅁ 지지자를 봤다 눈을 의심했다 꽤 오래 교류가 있던 사이로 보이는데 거기다 대고 니 자식 그렇게 키우지 마라 너는 적폐다 평생 빚에 허덕여라 평생 쓰레기들 뒷치닥거리 하며 살아라 미친 딱 수준이 ㅇㅈㅁ이다 역시 그 후보에 그 지지자다,0
2022-02-23,다당제 하려다가 ㅇㅈㅁ 완승으로 끝나면 국민의 고통세월 5년 어떻게 보상하실건가요 ㅇㅈㅁ 당선을 기원하시나요,0
2022-02-23,사장님 나오면 ㅇㅈㅁ상 나올까요 두근두근,1
2022-02-23,정말 사장님 나오고 사장님 나온다면 ㅇㅈㅁ상도 나올까요,0
2022-02-23,대한민국 좌빨들이 너무 무섭고 소름 끼친다 공작의 달인들 똑똑한 안철수후보의 약점인 유아적 우월감을 노렸군 안철수 후보가 중심을 잘잡아야 한다 남은 시간동안 ㅇㅈㅁ 지지자들이 모두 안철수 지지자로 단일화 막으려는 총공세를 펼치는구나 무서운 인간들,0
2022-02-23,부정투표보다 지금ㅇㅈㅁ 지지자들이 전부 ㅇㅊㅅ 광팬으로 돌변해서 단일화를 막고 나섰네요 ㅇㅊㅅ후보의 유아적 우월감을 부추겨 단일화 막는 공작이 시작된거 같아요 그렇게되면 이이제이 완전 성공이죠 ㅇㅊㅅ 후보가 중심을 잡고 단일화에 나서야하는데 생각보다 무서운 사람들이예요,1
2022-02-23,순풍산부인과 오지명 허경영 지지 그럼 ㅇㅈㅁ 이건 어찌되는겨 막산이 그래서 공중부양 한겨,0
2022-02-23,며칠 전부터 윤석열이 여혐이라 이재명 찍는다는 트페미가 많아졌다 ㅇㅈㅁ이 당선되고 트페미를 봤을 때 예상되는 반응이라면 1 ㅆㅂㄴㅇ 투척하면서 해산시킴 2 정신병원 강제입원시킴 3 다했죠 하고 무시해버림,0
2022-02-23,아 나도 ㅇㅈㅁ 도 ㅇㅅㄹ 도 싫지만 진짜 ㅇㅅㄹ 이 당선되는 거 막으려면 ㅇㅈㅁ 뽑아야 하나 싶음,0
2022-02-23,부친 코료냐 잘 극복하고있냐 전화했다가 ㅇㅅㅇ 뽑겠다는 소리듣고 뒷목 잡아 진짜 왜 그러냐니까 아묻따 ㅇㅈㅁ은 안된다눈고야 그럼 사이좋게 ㅅㅅㅈ뽑자 했는데 씨알도 안 먹힘,0
2022-02-23,전 안철수 지지자 맞아요 내가 지지한다고 무조건 100 맞다고만 한다면 ㅇㅈㅁ 지지자와 뭐가 다른가요 잘못된점을 지적할수있어야 찐 지지자입니다 전 안철수 지지자 맞아요,0
2022-02-23,진짜 정치권이 문제인게 예전엔 세대갈등으로 프레임짰는데 잘 안됐던것 같고 이번엔 남녀갈등으로 짜먹을라고 계속 본질적인거 외면하면서 싸움만 붙일라고 ㅇㅈㅅ같은애들 데려오고 진짜 개열받는데 ㅇㅈㅁ뽑아야 되기생겼어 다음엔 또 뭐야 MZ 근데이거 되겠냐,0
2022-02-23,나도 국힘당 후보를 찍어야 할 날이 올 줄은 꿈에도 몰랐다 이게 다 ㅇㅈㅁ 때문이고 그 괴물을 싸고도는 민주당 때문이다 잘 가라 민주당 허울을 쓴 도적들아,1
